Fecha,Hotel,Ciudad,Habitaciones_Totales,Habitaciones_Ocupadas,Ingresos_Habitaciones,Ingresos_Extras,Reservas_Canceladas,Clientes_CheckIn,Clientes_CheckOut,Puntaje_Satisfacción,Canal_Reserva
2024-01-01,Hotel Andino,Bogotá,200,132,33487608,759178,7,132,132,8.29597545259111,Directo
2024-01-01,Hotel Caribe,Cartagena,120,114,27074772,1412756,3,114,114,6.928600453765823,Directo
2024-01-01,Hotel Pacífico,Medellín,120,92,13870748,1870455,5,92,92,6.502336297523043,Otro
2024-01-02,Hotel Andino,Bogotá,80,72,16941960,1970485,8,72,72,7.373687420594126,Directo
2024-01-02,Hotel Caribe,Cartagena,200,54,11649150,1678557,2,54,54,7.647385973801488,Otro
2024-01-02,Hotel Pacífico,Medellín,80,42,9201864,1028178,6,42,42,7.011572371061875,Directo
2024-01-03,Hotel Andino,Bogotá,120,43,6828056,1788507,1,43,43,7.656249507619748,Expedia
2024-01-03,Hotel Caribe,Cartagena,80,41,11243963,1800571,6,41,41,8.329989973347862,Otro
2024-01-03,Hotel Pacífico,Medellín,200,74,17025698,960337,7,74,74,8.766084230952957,Expedia
2024-01-04,Hotel Andino,Bogotá,120,93,21292629,1863715,5,93,93,6.593939877366676,Expedia
2024-01-04,Hotel Caribe,Cartagena,120,83,15526395,1771741,3,83,83,8.293699936433256,Otro
2024-01-04,Hotel Pacífico,Medellín,200,79,13686513,1572876,1,79,79,8.11907639716724,Otro
2024-01-05,Hotel Andino,Bogotá,120,99,28674657,1016588,8,99,99,7.388820517112247,Booking
2024-01-05,Hotel Caribe,Cartagena,80,64,12209536,764712,7,64,64,7.6846445545267095,Otro
2024-01-05,Hotel Pacífico,Medellín,200,178,33731712,513986,2,178,178,8.813811040057837,Booking
2024-01-06,Hotel Andino,Bogotá,120,80,13812960,1579111,1,80,80,6.786230349471234,Directo
2024-01-06,Hotel Caribe,Cartagena,200,101,27642084,989570,7,101,101,7.324165378970193,Directo
2024-01-06,Hotel Pacífico,Medellín,80,74,19480648,639182,2,74,74,8.782355145850692,Expedia
2024-01-07,Hotel Andino,Bogotá,200,181,43617742,1667752,9,181,181,6.576257380232286,Booking
2024-01-07,Hotel Caribe,Cartagena,200,102,20401530,1272838,0,102,102,7.44306794322898,Otro
2024-01-07,Hotel Pacífico,Medellín,120,62,13182626,1499238,2,62,62,6.983663861762013,Expedia
2024-01-08,Hotel Andino,Bogotá,120,84,21802704,1267595,3,84,84,9.177676995469934,Directo
2024-01-08,Hotel Caribe,Cartagena,120,101,17551376,1185440,8,101,101,8.443070361624088,Booking
2024-01-08,Hotel Pacífico,Medellín,80,42,7222278,728576,2,42,42,7.308237001395565,Otro
2024-01-09,Hotel Andino,Bogotá,200,98,23868586,561087,7,98,98,8.609056876685534,Booking
2024-01-09,Hotel Caribe,Cartagena,120,97,19665101,565318,1,97,97,8.636811769773326,Booking
2024-01-09,Hotel Pacífico,Medellín,80,56,9897216,725281,1,56,56,7.733111039954694,Directo
2024-01-10,Hotel Andino,Bogotá,80,71,11174832,817824,2,71,71,8.542116354664302,Booking
2024-01-10,Hotel Caribe,Cartagena,120,71,15653157,1732310,7,71,71,7.212912631977199,Directo
2024-01-10,Hotel Pacífico,Medellín,120,63,16147404,606081,5,63,63,7.696473327333659,Directo
2024-01-11,Hotel Andino,Bogotá,80,48,11337696,551663,2,48,48,8.272678829564725,Directo
2024-01-11,Hotel Caribe,Cartagena,200,129,23833266,642483,6,129,129,7.023099287014975,Booking
2024-01-11,Hotel Pacífico,Medellín,200,121,19494431,1848224,8,121,121,6.840420563721767,Directo
2024-01-12,Hotel Andino,Bogotá,200,81,14604786,647718,9,81,81,9.446505029988307,Otro
2024-01-12,Hotel Caribe,Cartagena,80,41,10402807,875037,4,41,41,9.201254171489992,Directo
2024-01-12,Hotel Pacífico,Medellín,200,48,7555200,880002,2,48,48,8.677867036610717,Directo
2024-01-13,Hotel Andino,Bogotá,120,72,11677176,1971091,0,72,72,6.984886142283841,Expedia
2024-01-13,Hotel Caribe,Cartagena,120,64,10966848,1626081,5,64,64,7.845272428958742,Booking
2024-01-13,Hotel Pacífico,Medellín,80,75,18020400,538467,0,75,75,7.981681145550304,Otro
2024-01-14,Hotel Andino,Bogotá,200,184,40529864,756687,2,184,184,8.408997854557686,Expedia
2024-01-14,Hotel Caribe,Cartagena,120,69,13615977,634508,2,69,69,9.17613966553134,Directo
2024-01-14,Hotel Pacífico,Medellín,200,60,12242700,860032,0,60,60,7.085728963394134,Booking
2024-01-15,Hotel Andino,Bogotá,200,43,10876678,1130271,0,43,43,9.483651532392024,Expedia
2024-01-15,Hotel Caribe,Cartagena,80,45,9594360,911927,0,45,45,8.158294900506469,Directo
2024-01-15,Hotel Pacífico,Medellín,200,155,33437530,641564,4,155,155,7.072733093451038,Booking
2024-01-16,Hotel Andino,Bogotá,200,167,29499047,1189944,9,167,167,9.308464322482344,Expedia
2024-01-16,Hotel Caribe,Cartagena,200,143,26688233,1621567,5,143,143,7.575940343888492,Directo
2024-01-16,Hotel Pacífico,Medellín,200,169,43241016,1941578,5,169,169,7.5784734536592655,Booking
2024-01-17,Hotel Andino,Bogotá,120,65,11673480,1297079,9,65,65,6.51555458832196,Otro
2024-01-17,Hotel Caribe,Cartagena,80,59,8989712,1101863,2,59,59,7.513985470554608,Otro
2024-01-17,Hotel Pacífico,Medellín,120,105,30663990,1149150,5,105,105,7.484458002424196,Expedia
2024-01-18,Hotel Andino,Bogotá,200,164,28319028,555609,9,164,164,6.591500749817149,Otro
2024-01-18,Hotel Caribe,Cartagena,120,109,26736065,961243,4,109,109,8.066729780164414,Booking
2024-01-18,Hotel Pacífico,Medellín,80,78,18504330,1471525,3,78,78,7.734061715170036,Directo
2024-01-19,Hotel Andino,Bogotá,200,91,22247316,1782417,9,91,91,7.468869418823738,Booking
2024-01-19,Hotel Caribe,Cartagena,200,58,10338558,1923286,9,58,58,6.576052230246373,Booking
2024-01-19,Hotel Pacífico,Medellín,120,62,17497764,1244840,4,62,62,6.674580786525331,Expedia
2024-01-20,Hotel Andino,Bogotá,80,73,21088021,1029525,8,73,73,8.480592130153195,Booking
2024-01-20,Hotel Caribe,Cartagena,80,55,16201460,946438,4,55,55,8.335162238703056,Directo
2024-01-20,Hotel Pacífico,Medellín,200,115,24979725,644356,5,115,115,6.543180465889268,Expedia
2024-01-21,Hotel Andino,Bogotá,80,69,15785889,691475,4,69,69,7.922521487261975,Expedia
2024-01-21,Hotel Caribe,Cartagena,120,87,23591964,1905478,3,87,87,7.019605609730045,Expedia
2024-01-21,Hotel Pacífico,Medellín,80,62,15759470,1047337,5,62,62,8.405280952602931,Expedia
2024-01-22,Hotel Andino,Bogotá,200,177,30672153,1920946,9,177,177,8.003119651745777,Otro
2024-01-22,Hotel Caribe,Cartagena,80,43,7639509,1600567,6,43,43,9.332754791375502,Otro
2024-01-22,Hotel Pacífico,Medellín,200,123,36794589,1036226,0,123,123,7.87475867147455,Directo
2024-01-23,Hotel Andino,Bogotá,200,140,35516740,991072,0,140,140,8.454454315573365,Directo
2024-01-23,Hotel Caribe,Cartagena,80,52,9801688,1814093,1,52,52,6.616889396930701,Expedia
2024-01-23,Hotel Pacífico,Medellín,200,120,29315640,1049639,9,120,120,8.54484100691837,Expedia
2024-01-24,Hotel Andino,Bogotá,120,46,7050282,582745,4,46,46,7.5450098133595915,Directo
2024-01-24,Hotel Caribe,Cartagena,80,75,15801900,1768732,8,75,75,8.143915649744262,Booking
2024-01-24,Hotel Pacífico,Medellín,80,63,12429585,1534978,0,63,63,8.694943265898921,Otro
2024-01-25,Hotel Andino,Bogotá,120,63,18171027,1974271,4,63,63,7.215790579371021,Directo
2024-01-25,Hotel Caribe,Cartagena,80,62,16297072,914568,0,62,62,8.10298242059169,Otro
2024-01-25,Hotel Pacífico,Medellín,80,61,16419980,566234,2,61,61,7.66760503620249,Otro
2024-01-26,Hotel Andino,Bogotá,80,58,12131454,551934,3,58,58,8.220313664369858,Directo
2024-01-26,Hotel Caribe,Cartagena,80,44,11122980,720184,3,44,44,8.517555368231115,Otro
2024-01-26,Hotel Pacífico,Medellín,80,62,10985904,1287494,4,62,62,7.983260914107745,Directo
2024-01-27,Hotel Andino,Bogotá,120,44,8276488,574460,1,44,44,9.405955831922405,Booking
2024-01-27,Hotel Caribe,Cartagena,120,97,14699574,1832397,7,97,97,6.71828901909258,Expedia
2024-01-27,Hotel Pacífico,Medellín,200,161,38332812,1865413,2,161,161,8.243916251680346,Booking
2024-01-28,Hotel Andino,Bogotá,80,61,17226156,1017923,5,61,61,8.6245435867496,Directo
2024-01-28,Hotel Caribe,Cartagena,80,78,20972172,1311721,9,78,78,7.4907575870572956,Expedia
2024-01-28,Hotel Pacífico,Medellín,200,180,52291260,1290141,9,180,180,8.722921582732004,Otro
2024-01-29,Hotel Andino,Bogotá,80,78,15773472,1366651,8,78,78,7.624611738571112,Booking
2024-01-29,Hotel Caribe,Cartagena,80,72,18239976,1791380,5,72,72,8.906327747080201,Booking
2024-01-29,Hotel Pacífico,Medellín,80,60,10233540,1904116,4,60,60,7.258970503967723,Directo
2024-01-30,Hotel Andino,Bogotá,80,57,12638382,517640,0,57,57,8.587246066953853,Directo
2024-01-30,Hotel Caribe,Cartagena,80,42,12103812,1365291,9,42,42,9.351234452229676,Otro
2024-01-30,Hotel Pacífico,Medellín,120,115,20005285,566203,4,115,115,7.332143548943398,Otro
2024-01-31,Hotel Andino,Bogotá,120,47,11029255,1187281,4,47,47,9.4231844229985,Otro
2024-01-31,Hotel Caribe,Cartagena,200,184,42090368,817428,3,184,184,8.308345646069895,Otro
2024-01-31,Hotel Pacífico,Medellín,80,52,14164904,1666588,5,52,52,9.349399739875771,Otro
2024-02-01,Hotel Andino,Bogotá,80,64,17886272,1483049,7,64,64,9.129984457777379,Directo
2024-02-01,Hotel Caribe,Cartagena,80,44,6644660,1610389,0,44,44,7.941110245599064,Directo
2024-02-01,Hotel Pacífico,Medellín,80,50,10614600,785977,8,50,50,9.40974319344381,Directo
2024-02-02,Hotel Andino,Bogotá,80,52,8736884,1362312,2,52,52,6.901556356401899,Booking
2024-02-02,Hotel Caribe,Cartagena,200,45,7324335,1215460,4,45,45,9.489910511221716,Booking
2024-02-02,Hotel Pacífico,Medellín,200,92,14804272,1553385,9,92,92,7.6335516478273595,Booking
2024-02-03,Hotel Andino,Bogotá,120,112,21141680,1864652,3,112,112,7.1859284165103885,Booking
2024-02-03,Hotel Caribe,Cartagena,120,111,30464394,1300921,9,111,111,8.06092310271138,Expedia
2024-02-03,Hotel Pacífico,Medellín,200,162,30315222,1140053,4,162,162,6.76522467009694,Directo
2024-02-04,Hotel Andino,Bogotá,80,56,9475088,1039542,4,56,56,8.360928654060395,Expedia
2024-02-04,Hotel Caribe,Cartagena,200,142,32847014,827359,1,142,142,7.551762676419791,Expedia
2024-02-04,Hotel Pacífico,Medellín,120,69,12139446,1280722,1,69,69,7.544766401069901,Expedia
2024-02-05,Hotel Andino,Bogotá,80,63,12116034,750875,6,63,63,8.070806828045033,Booking
2024-02-05,Hotel Caribe,Cartagena,80,68,13972572,1765040,9,68,68,8.806753223946192,Otro
2024-02-05,Hotel Pacífico,Medellín,80,73,16313821,1554145,2,73,73,8.11179025014221,Directo
2024-02-06,Hotel Andino,Bogotá,200,119,34172278,1166997,7,119,119,7.040201817047896,Otro
2024-02-06,Hotel Caribe,Cartagena,80,42,10565940,926650,1,42,42,8.305806186622881,Directo
2024-02-06,Hotel Pacífico,Medellín,200,60,15671700,1585244,5,60,60,6.766107601271167,Booking
2024-02-07,Hotel Andino,Bogotá,80,51,15292299,1248589,1,51,51,6.886245194898931,Expedia
2024-02-07,Hotel Caribe,Cartagena,80,66,11459184,523321,8,66,66,7.943436182168879,Expedia
2024-02-07,Hotel Pacífico,Medellín,200,95,25538945,683868,0,95,95,7.330632944441611,Booking
2024-02-08,Hotel Andino,Bogotá,80,74,14831672,1417559,5,74,74,7.208349599352213,Otro
2024-02-08,Hotel Caribe,Cartagena,200,117,22726899,1793697,9,117,117,6.610049608671794,Otro
2024-02-08,Hotel Pacífico,Medellín,200,46,13164924,1304462,6,46,46,8.035032326346998,Directo
2024-02-09,Hotel Andino,Bogotá,80,57,14590689,1113157,2,57,57,7.6914914975122475,Otro
2024-02-09,Hotel Caribe,Cartagena,80,76,22141764,721897,6,76,76,7.466237496749535,Directo
2024-02-09,Hotel Pacífico,Medellín,120,83,12834456,1158956,3,83,83,7.921909824291669,Expedia
2024-02-10,Hotel Andino,Bogotá,200,148,40559252,526734,3,148,148,8.111319625455643,Expedia
2024-02-10,Hotel Caribe,Cartagena,200,47,10869408,523275,2,47,47,7.636317877853868,Booking
2024-02-10,Hotel Pacífico,Medellín,120,91,18058677,1412826,7,91,91,7.994743093546821,Expedia
2024-02-11,Hotel Andino,Bogotá,80,72,19162656,1444789,4,72,72,6.958577417552996,Directo
2024-02-11,Hotel Caribe,Cartagena,120,114,25778250,644990,7,114,114,9.190296273879277,Directo
2024-02-11,Hotel Pacífico,Medellín,200,70,10802680,1295543,5,70,70,7.693566797137224,Otro
2024-02-12,Hotel Andino,Bogotá,200,43,12091127,887952,7,43,43,8.668688289865326,Expedia
2024-02-12,Hotel Caribe,Cartagena,80,41,6184686,1889959,9,41,41,7.339937280980853,Otro
2024-02-12,Hotel Pacífico,Medellín,80,45,8644545,564323,2,45,45,7.098520782014959,Otro
2024-02-13,Hotel Andino,Bogotá,80,51,14154234,1354016,9,51,51,8.803338504328517,Expedia
2024-02-13,Hotel Caribe,Cartagena,80,50,9112700,1286275,2,50,50,6.6554706104672805,Expedia
2024-02-13,Hotel Pacífico,Medellín,120,44,10470152,903081,1,44,44,7.467061534924169,Expedia
2024-02-14,Hotel Andino,Bogotá,80,76,19674272,593070,7,76,76,8.318305643167516,Directo
2024-02-14,Hotel Caribe,Cartagena,120,88,20550112,727645,1,88,88,6.872891670456634,Otro
2024-02-14,Hotel Pacífico,Medellín,200,176,41281680,1884418,2,176,176,9.279348270769134,Otro
2024-02-15,Hotel Andino,Bogotá,120,99,28415277,1635964,7,99,99,8.983822661532475,Booking
2024-02-15,Hotel Caribe,Cartagena,120,99,23647239,1373172,4,99,99,8.943724160694146,Directo
2024-02-15,Hotel Pacífico,Medellín,120,65,17907565,1696632,9,65,65,7.677335322267906,Otro
2024-02-16,Hotel Andino,Bogotá,200,143,27128673,1691602,5,143,143,8.1193431857439,Directo
2024-02-16,Hotel Caribe,Cartagena,200,192,41803776,1189376,6,192,192,8.095572439064522,Booking
2024-02-16,Hotel Pacífico,Medellín,200,78,16965468,1772386,6,78,78,8.691647410427905,Expedia
2024-02-17,Hotel Andino,Bogotá,200,150,33198600,1816128,3,150,150,8.724382733417137,Directo
2024-02-17,Hotel Caribe,Cartagena,80,77,19074440,1353088,4,77,77,8.835715817152252,Booking
2024-02-17,Hotel Pacífico,Medellín,120,107,18086103,1345633,9,107,107,7.9819444613925885,Expedia
2024-02-18,Hotel Andino,Bogotá,80,77,17086839,702967,3,77,77,7.691861871681102,Booking
2024-02-18,Hotel Caribe,Cartagena,80,68,11177976,1632867,1,68,68,6.536609216954133,Directo
2024-02-18,Hotel Pacífico,Medellín,200,75,20603550,1095603,9,75,75,7.52757277153563,Expedia
2024-02-19,Hotel Andino,Bogotá,200,86,22792838,576077,9,86,86,8.258689496050392,Expedia
2024-02-19,Hotel Caribe,Cartagena,120,99,17553294,1195275,3,99,99,9.25625156678224,Booking
2024-02-19,Hotel Pacífico,Medellín,80,47,7055922,1338761,0,47,47,8.228865080500439,Expedia
2024-02-20,Hotel Andino,Bogotá,80,68,19371092,678954,6,68,68,6.868432345537201,Booking
2024-02-20,Hotel Caribe,Cartagena,80,65,18376605,1727171,5,65,65,9.012472367007476,Booking
2024-02-20,Hotel Pacífico,Medellín,200,94,25353586,830388,8,94,94,8.732748955529868,Expedia
2024-02-21,Hotel Andino,Bogotá,80,65,10609560,540738,3,65,65,8.11218680881377,Directo
2024-02-21,Hotel Caribe,Cartagena,120,41,6480870,1674737,1,41,41,9.255364174817903,Otro
2024-02-21,Hotel Pacífico,Medellín,200,147,40827486,1496530,5,147,147,7.02916095951867,Directo
2024-02-22,Hotel Andino,Bogotá,120,72,19512576,1454652,5,72,72,7.160291642243291,Expedia
2024-02-22,Hotel Caribe,Cartagena,80,46,10142080,1070451,8,46,46,6.945988183259339,Expedia
2024-02-22,Hotel Pacífico,Medellín,120,102,21707946,1538896,6,102,102,8.286155051960131,Booking
2024-02-23,Hotel Andino,Bogotá,120,90,15699780,951282,0,90,90,6.609649003544285,Expedia
2024-02-23,Hotel Caribe,Cartagena,200,57,12202389,1324690,1,57,57,8.07317080798274,Otro
2024-02-23,Hotel Pacífico,Medellín,80,69,13010985,1443026,3,69,69,7.045784391485814,Booking
2024-02-24,Hotel Andino,Bogotá,200,142,28225340,1627199,9,142,142,7.312234019430662,Expedia
2024-02-24,Hotel Caribe,Cartagena,120,94,24059018,1152465,6,94,94,8.476771825730454,Booking
2024-02-24,Hotel Pacífico,Medellín,80,42,7588476,576218,7,42,42,6.812325745953721,Directo
2024-02-25,Hotel Andino,Bogotá,80,42,7979412,847739,7,42,42,6.798324178278035,Otro
2024-02-25,Hotel Caribe,Cartagena,120,71,18705163,1108746,3,71,71,9.33322917673182,Expedia
2024-02-25,Hotel Pacífico,Medellín,80,53,11466974,1959119,1,53,53,6.539005770532208,Directo
2024-02-26,Hotel Andino,Bogotá,80,62,18285722,1992252,1,62,62,9.178015133230925,Directo
2024-02-26,Hotel Caribe,Cartagena,80,59,14935555,1779361,2,59,59,8.270884827544423,Otro
2024-02-26,Hotel Pacífico,Medellín,80,76,21458676,1742845,8,76,76,7.80837958740595,Otro
2024-02-27,Hotel Andino,Bogotá,200,125,37355375,1805289,7,125,125,9.456101936725204,Directo
2024-02-27,Hotel Caribe,Cartagena,80,56,8544088,1059655,1,56,56,8.400434659478442,Directo
2024-02-27,Hotel Pacífico,Medellín,80,61,17097202,1862413,3,61,61,6.896828633375991,Booking
2024-02-28,Hotel Andino,Bogotá,80,73,20197494,836676,5,73,73,9.242896419681497,Booking
2024-02-28,Hotel Caribe,Cartagena,120,80,14532240,1706305,0,80,80,7.7157442640830665,Expedia
2024-02-28,Hotel Pacífico,Medellín,120,115,17436530,1073044,9,115,115,6.920055615981347,Directo
2024-02-29,Hotel Andino,Bogotá,80,70,12558140,1552839,1,70,70,8.30155058130096,Booking
2024-02-29,Hotel Caribe,Cartagena,80,46,13465856,1846457,4,46,46,7.649415584748493,Expedia
2024-02-29,Hotel Pacífico,Medellín,120,103,25891213,1062997,0,103,103,6.74839600377538,Otro
2024-03-01,Hotel Andino,Bogotá,200,65,13212940,1081780,7,65,65,7.81158018907173,Otro
2024-03-01,Hotel Caribe,Cartagena,80,78,20749638,1208662,7,78,78,9.310489217974274,Booking
2024-03-01,Hotel Pacífico,Medellín,80,75,19809750,1449491,0,75,75,7.9890987416037085,Booking
2024-03-02,Hotel Andino,Bogotá,200,193,54541028,1124712,8,193,193,7.5546204834026565,Booking
2024-03-02,Hotel Caribe,Cartagena,80,79,16221623,1397048,6,79,79,6.7278002311088665,Expedia
2024-03-02,Hotel Pacífico,Medellín,80,69,11770089,785195,2,69,69,7.443789670428233,Directo
2024-03-03,Hotel Andino,Bogotá,200,88,16403904,1380438,0,88,88,7.055398786515859,Expedia
2024-03-03,Hotel Caribe,Cartagena,200,47,13786322,1559920,6,47,47,8.672309987819416,Otro
2024-03-03,Hotel Pacífico,Medellín,120,111,32963448,686833,8,111,111,8.43999475735149,Directo
2024-03-04,Hotel Andino,Bogotá,120,65,12196665,1917616,6,65,65,8.16741974431154,Expedia
2024-03-04,Hotel Caribe,Cartagena,120,46,8961398,1164180,6,46,46,7.392047022117652,Otro
2024-03-04,Hotel Pacífico,Medellín,120,98,28205282,1471741,3,98,98,9.033648195605211,Expedia
2024-03-05,Hotel Andino,Bogotá,200,142,33698304,1638189,7,142,142,7.190026511863109,Otro
2024-03-05,Hotel Caribe,Cartagena,80,73,20736015,990457,6,73,73,7.713456349045552,Directo
2024-03-05,Hotel Pacífico,Medellín,200,159,24905760,1855267,5,159,159,7.4562575087962095,Expedia
2024-03-06,Hotel Andino,Bogotá,80,55,12610015,1361291,1,55,55,6.573202344669614,Expedia
2024-03-06,Hotel Caribe,Cartagena,120,69,12380670,1052076,1,69,69,9.317203095538689,Directo
2024-03-06,Hotel Pacífico,Medellín,200,78,20070102,1040659,0,78,78,7.705792740827727,Booking
2024-03-07,Hotel Andino,Bogotá,80,55,12948705,1370123,8,55,55,8.804820241593553,Booking
2024-03-07,Hotel Caribe,Cartagena,200,142,41712216,1952608,0,142,142,6.831422339394184,Expedia
2024-03-07,Hotel Pacífico,Medellín,120,107,28095311,1536580,8,107,107,7.331796937090321,Booking
2024-03-08,Hotel Andino,Bogotá,120,118,33696788,711760,8,118,118,8.53894184807921,Otro
2024-03-08,Hotel Caribe,Cartagena,200,76,20899088,1331460,5,76,76,9.446991545240245,Directo
2024-03-08,Hotel Pacífico,Medellín,120,50,9231800,679352,6,50,50,9.47350587841093,Directo
2024-03-09,Hotel Andino,Bogotá,80,49,9312058,1610241,8,49,49,7.161458627210526,Booking
2024-03-09,Hotel Caribe,Cartagena,120,42,12401382,618533,4,42,42,6.673528029690189,Directo
2024-03-09,Hotel Pacífico,Medellín,200,48,10891104,955699,9,48,48,8.075094502580804,Directo
2024-03-10,Hotel Andino,Bogotá,120,74,19451270,507906,5,74,74,8.368812148805356,Booking
2024-03-10,Hotel Caribe,Cartagena,200,128,32381312,534701,4,128,128,6.774460512193265,Booking
2024-03-10,Hotel Pacífico,Medellín,200,162,34855920,865464,1,162,162,9.086382851796351,Booking
2024-03-11,Hotel Andino,Bogotá,200,79,15209080,826916,1,79,79,7.725359639212096,Directo
2024-03-11,Hotel Caribe,Cartagena,120,111,31639884,1660793,1,111,111,6.743138647722944,Otro
2024-03-11,Hotel Pacífico,Medellín,80,67,15809052,1635564,0,67,67,6.684551078717705,Booking
2024-03-12,Hotel Andino,Bogotá,120,97,26997234,1156951,7,97,97,8.53404845767719,Directo
2024-03-12,Hotel Caribe,Cartagena,80,72,19739880,1634807,2,72,72,9.104482412154642,Otro
2024-03-12,Hotel Pacífico,Medellín,80,52,12876448,1617850,5,52,52,7.067664619355018,Booking
2024-03-13,Hotel Andino,Bogotá,200,84,18862452,1092632,2,84,84,9.137214440684396,Expedia
2024-03-13,Hotel Caribe,Cartagena,120,71,13669914,995518,1,71,71,8.953901072357187,Expedia
2024-03-13,Hotel Pacífico,Medellín,80,68,16432812,664134,1,68,68,7.361114399524738,Expedia
2024-03-14,Hotel Andino,Bogotá,200,152,42291264,1020551,1,152,152,8.402017109298834,Otro
2024-03-14,Hotel Caribe,Cartagena,80,74,20873846,702053,2,74,74,8.783083707506083,Expedia
2024-03-14,Hotel Pacífico,Medellín,80,71,20899063,823390,4,71,71,6.807529183972038,Otro
2024-03-15,Hotel Andino,Bogotá,120,107,29296279,826032,9,107,107,7.9207216653052654,Expedia
2024-03-15,Hotel Caribe,Cartagena,120,89,23618286,1049148,3,89,89,8.442720930205724,Otro
2024-03-15,Hotel Pacífico,Medellín,80,51,10575972,1148074,0,51,51,7.470830657448624,Directo
2024-03-16,Hotel Andino,Bogotá,200,97,15689265,1312461,1,97,97,9.491373500473134,Booking
2024-03-16,Hotel Caribe,Cartagena,200,180,44598240,713030,6,180,180,8.97776229739969,Directo
2024-03-16,Hotel Pacífico,Medellín,120,86,19676542,814451,5,86,86,6.894005379228134,Directo
2024-03-17,Hotel Andino,Bogotá,80,67,12311652,1601844,4,67,67,8.415577842992256,Expedia
2024-03-17,Hotel Caribe,Cartagena,200,170,26456420,1162784,9,170,170,9.182297611037402,Directo
2024-03-17,Hotel Pacífico,Medellín,120,100,17643100,1786936,7,100,100,7.605579031171283,Directo
2024-03-18,Hotel Andino,Bogotá,200,111,19043493,877816,0,111,111,6.7734934712185755,Otro
2024-03-18,Hotel Caribe,Cartagena,200,66,15546498,1710355,6,66,66,8.378660964894246,Otro
2024-03-18,Hotel Pacífico,Medellín,80,63,12276117,1471129,2,63,63,7.056376624029963,Directo
2024-03-19,Hotel Andino,Bogotá,80,69,11145984,579083,3,69,69,7.790917684698388,Expedia
2024-03-19,Hotel Caribe,Cartagena,80,61,9461649,1538836,4,61,61,8.270791816656867,Otro
2024-03-19,Hotel Pacífico,Medellín,200,103,24277924,1215472,7,103,103,7.893795789907431,Expedia
2024-03-20,Hotel Andino,Bogotá,120,77,12023858,1177164,8,77,77,9.080367191567614,Expedia
2024-03-20,Hotel Caribe,Cartagena,80,47,10307006,1985200,8,47,47,8.212713505532493,Directo
2024-03-20,Hotel Pacífico,Medellín,120,59,10943792,836585,7,59,59,6.529312542257551,Otro
2024-03-21,Hotel Andino,Bogotá,80,41,6411088,1398792,0,41,41,8.973542140690501,Expedia
2024-03-21,Hotel Caribe,Cartagena,120,105,21090405,1886617,1,105,105,8.9643221840296,Expedia
2024-03-21,Hotel Pacífico,Medellín,200,88,17692136,1358058,2,88,88,9.188663908055116,Booking
2024-03-22,Hotel Andino,Bogotá,120,112,31405472,1149438,8,112,112,8.62718155835275,Otro
2024-03-22,Hotel Caribe,Cartagena,120,101,29764801,600734,6,101,101,8.482460354897752,Otro
2024-03-22,Hotel Pacífico,Medellín,120,97,22498277,1229497,2,97,97,6.622262318277418,Otro
2024-03-23,Hotel Andino,Bogotá,120,53,13862786,1432817,5,53,53,8.279835944930536,Otro
2024-03-23,Hotel Caribe,Cartagena,80,64,14665472,583186,9,64,64,7.487052313443987,Expedia
2024-03-23,Hotel Pacífico,Medellín,80,47,8383860,1134486,4,47,47,8.476123326502629,Directo
2024-03-24,Hotel Andino,Bogotá,120,109,27834349,1717060,7,109,109,9.42437948644035,Directo
2024-03-24,Hotel Caribe,Cartagena,120,74,12306866,1016998,0,74,74,9.104817516225141,Directo
2024-03-24,Hotel Pacífico,Medellín,120,100,22413100,1989700,3,100,100,8.706050895997258,Expedia
2024-03-25,Hotel Andino,Bogotá,120,88,20311984,766847,8,88,88,7.815846257568771,Booking
2024-03-25,Hotel Caribe,Cartagena,120,105,18580590,1836737,3,105,105,7.765162780620367,Expedia
2024-03-25,Hotel Pacífico,Medellín,200,154,29603266,1635228,2,154,154,8.36889975069045,Otro
2024-03-26,Hotel Andino,Bogotá,80,54,11181024,1444994,9,54,54,8.647474894046265,Otro
2024-03-26,Hotel Caribe,Cartagena,120,81,19310157,1843862,4,81,81,9.063155280108738,Booking
2024-03-26,Hotel Pacífico,Medellín,80,53,9807438,1988856,3,53,53,8.278852554304782,Expedia
2024-03-27,Hotel Andino,Bogotá,80,64,13929536,826818,4,64,64,6.527091212388651,Booking
2024-03-27,Hotel Caribe,Cartagena,80,62,16625548,1593314,5,62,62,7.009273715262622,Expedia
2024-03-27,Hotel Pacífico,Medellín,80,49,11104331,1660029,8,49,49,7.792662570985418,Otro
2024-03-28,Hotel Andino,Bogotá,200,40,10354240,713567,5,40,40,7.002857648864953,Booking
2024-03-28,Hotel Caribe,Cartagena,200,88,14066536,526155,7,88,88,8.256063093190257,Directo
2024-03-28,Hotel Pacífico,Medellín,120,100,18470700,1437841,1,100,100,6.8689124255888805,Booking
2024-03-29,Hotel Andino,Bogotá,120,68,19184840,717285,4,68,68,9.301625052583715,Booking
2024-03-29,Hotel Caribe,Cartagena,80,53,14271469,1797076,1,53,53,9.395356089308137,Directo
2024-03-29,Hotel Pacífico,Medellín,120,89,18797868,1541592,6,89,89,7.8642195669015775,Directo
2024-03-30,Hotel Andino,Bogotá,200,190,43536790,512115,6,190,190,6.5899207696180335,Booking
2024-03-30,Hotel Caribe,Cartagena,120,47,7530575,1147296,6,47,47,8.517806354675379,Otro
2024-03-30,Hotel Pacífico,Medellín,120,44,12073512,1544257,0,44,44,9.01434586894433,Expedia
2024-03-31,Hotel Andino,Bogotá,200,197,35189125,1236400,9,197,197,9.106714953436155,Otro
2024-03-31,Hotel Caribe,Cartagena,80,51,10207038,1722471,8,51,51,8.568580253094684,Booking
2024-03-31,Hotel Pacífico,Medellín,80,58,13289772,1333487,4,58,58,8.500914550972722,Booking
2024-04-01,Hotel Andino,Bogotá,120,101,18791959,962785,1,101,101,8.314861768071623,Directo
2024-04-01,Hotel Caribe,Cartagena,80,72,18812088,1182568,4,72,72,8.201048782960003,Booking
2024-04-01,Hotel Pacífico,Medellín,200,107,28252708,732549,3,107,107,8.502780156690754,Expedia
2024-04-02,Hotel Andino,Bogotá,120,52,12963808,1793590,2,52,52,9.106701876621713,Booking
2024-04-02,Hotel Caribe,Cartagena,120,93,24658206,1600500,0,93,93,7.599384604614194,Directo
2024-04-02,Hotel Pacífico,Medellín,200,188,34900884,1186684,8,188,188,8.289456424956265,Otro
2024-04-03,Hotel Andino,Bogotá,80,74,17018002,1134122,2,74,74,7.005333155428159,Expedia
2024-04-03,Hotel Caribe,Cartagena,120,105,23895480,725049,7,105,105,8.057245355408654,Expedia
2024-04-03,Hotel Pacífico,Medellín,80,68,10280036,635832,4,68,68,7.696468342690702,Booking
2024-04-04,Hotel Andino,Bogotá,200,83,16335977,1884490,6,83,83,8.93895721614828,Expedia
2024-04-04,Hotel Caribe,Cartagena,200,60,12846360,1525014,4,60,60,9.19409164684996,Booking
2024-04-04,Hotel Pacífico,Medellín,200,90,23431500,1270188,5,90,90,7.0836749695559025,Expedia
2024-04-05,Hotel Andino,Bogotá,80,43,6757493,1082004,3,43,43,8.510288103832824,Booking
2024-04-05,Hotel Caribe,Cartagena,200,195,53039805,1663369,3,195,195,8.652907357725889,Expedia
2024-04-05,Hotel Pacífico,Medellín,80,52,12290980,1254950,9,52,52,8.899343286272064,Directo
2024-04-06,Hotel Andino,Bogotá,200,95,18844960,1229532,9,95,95,9.253257467514132,Otro
2024-04-06,Hotel Caribe,Cartagena,120,46,9622694,1066956,9,46,46,6.836913033233658,Booking
2024-04-06,Hotel Pacífico,Medellín,200,189,54905823,725160,9,189,189,7.1361345197246795,Expedia
2024-04-07,Hotel Andino,Bogotá,120,81,21829743,732601,4,81,81,7.406181505504385,Otro
2024-04-07,Hotel Caribe,Cartagena,200,139,40073561,662982,9,139,139,8.928589927305325,Directo
2024-04-07,Hotel Pacífico,Medellín,120,94,26090264,695246,0,94,94,8.710621234832546,Expedia
2024-04-08,Hotel Andino,Bogotá,80,60,11946240,1459125,4,60,60,8.425914501329798,Otro
2024-04-08,Hotel Caribe,Cartagena,200,199,48089942,557993,8,199,199,7.672717987716544,Booking
2024-04-08,Hotel Pacífico,Medellín,80,64,10734528,1398850,6,64,64,8.585433662142782,Directo
2024-04-09,Hotel Andino,Bogotá,120,78,21597264,729104,6,78,78,7.523270073422662,Expedia
2024-04-09,Hotel Caribe,Cartagena,200,107,31960579,1844613,9,107,107,9.216574376989023,Booking
2024-04-09,Hotel Pacífico,Medellín,120,75,19600125,1660932,0,75,75,8.28725218456687,Booking
2024-04-10,Hotel Andino,Bogotá,80,45,9810360,877539,0,45,45,8.995589339754266,Otro
2024-04-10,Hotel Caribe,Cartagena,80,66,18831582,1149991,5,66,66,8.278435974960267,Directo
2024-04-10,Hotel Pacífico,Medellín,120,83,16194379,729189,1,83,83,9.482418083663504,Expedia
2024-04-11,Hotel Andino,Bogotá,120,74,11816764,815507,7,74,74,8.241425020150023,Expedia
2024-04-11,Hotel Caribe,Cartagena,80,52,10327408,772670,8,52,52,7.0114338145217525,Expedia
2024-04-11,Hotel Pacífico,Medellín,120,69,18973758,1805487,0,69,69,7.402559325059765,Otro
2024-04-12,Hotel Andino,Bogotá,200,183,42352971,1647116,6,183,183,7.697947747427925,Otro
2024-04-12,Hotel Caribe,Cartagena,120,44,7425088,1515416,4,44,44,6.77878743313817,Expedia
2024-04-12,Hotel Pacífico,Medellín,120,111,26848458,1668544,4,111,111,8.978202890757585,Expedia
2024-04-13,Hotel Andino,Bogotá,120,53,15753455,1816502,1,53,53,7.525023505690763,Booking
2024-04-13,Hotel Caribe,Cartagena,80,41,7407962,1727512,8,41,41,8.029172740255095,Directo
2024-04-13,Hotel Pacífico,Medellín,120,62,10420526,536035,1,62,62,8.047038283089494,Directo
2024-04-14,Hotel Andino,Bogotá,120,82,13151324,1226331,4,82,82,7.673128289174523,Otro
2024-04-14,Hotel Caribe,Cartagena,200,88,25819288,1280965,1,88,88,8.383850158317907,Expedia
2024-04-14,Hotel Pacífico,Medellín,120,69,15446409,1207650,6,69,69,7.414037417294122,Booking
2024-04-15,Hotel Andino,Bogotá,200,188,32754488,1293153,1,188,188,7.170843303488934,Expedia
2024-04-15,Hotel Caribe,Cartagena,120,49,14049672,1360952,5,49,49,7.441183073582288,Directo
2024-04-15,Hotel Pacífico,Medellín,120,104,18829720,1193045,3,104,104,8.007698229390327,Booking
2024-04-16,Hotel Andino,Bogotá,120,64,16081152,1565923,8,64,64,7.19765407509614,Booking
2024-04-16,Hotel Caribe,Cartagena,80,70,12472530,751537,5,70,70,6.500997518361468,Directo
2024-04-16,Hotel Pacífico,Medellín,120,41,7786802,1907753,8,41,41,6.6744913865164275,Directo
2024-04-17,Hotel Andino,Bogotá,120,70,18890410,1704680,6,70,70,7.217540312647777,Directo
2024-04-17,Hotel Caribe,Cartagena,80,48,8550768,637478,0,48,48,8.028266384449369,Directo
2024-04-17,Hotel Pacífico,Medellín,80,76,18902948,1298843,5,76,76,7.778250151671115,Directo
2024-04-18,Hotel Andino,Bogotá,80,74,18261276,989626,5,74,74,8.982613686700622,Booking
2024-04-18,Hotel Caribe,Cartagena,80,61,13374372,1741597,6,61,61,7.7484619945392845,Directo
2024-04-18,Hotel Pacífico,Medellín,80,77,13399694,1538199,6,77,77,8.356844579023164,Booking
2024-04-19,Hotel Andino,Bogotá,80,65,17103580,1736180,4,65,65,8.90461133564897,Booking
2024-04-19,Hotel Caribe,Cartagena,80,74,21586244,1684446,4,74,74,9.033071248218848,Directo
2024-04-19,Hotel Pacífico,Medellín,80,65,10448685,1128419,1,65,65,7.47402778067018,Otro
2024-04-20,Hotel Andino,Bogotá,120,91,16436420,1805129,4,91,91,9.368666571946845,Booking
2024-04-20,Hotel Caribe,Cartagena,80,56,8578696,1128864,1,56,56,7.812809372166176,Booking
2024-04-20,Hotel Pacífico,Medellín,80,49,11777297,1962073,7,49,49,7.884432393874203,Directo
2024-04-21,Hotel Andino,Bogotá,200,73,14702127,1204590,0,73,73,6.69995612168207,Otro
2024-04-21,Hotel Caribe,Cartagena,80,58,10446438,563936,6,58,58,8.54068333762506,Booking
2024-04-21,Hotel Pacífico,Medellín,80,62,13238860,1978016,2,62,62,6.713770183295776,Otro
2024-04-22,Hotel Andino,Bogotá,80,44,13094532,1374772,7,44,44,7.559754225506192,Expedia
2024-04-22,Hotel Caribe,Cartagena,200,182,50127532,1088315,2,182,182,7.022328006002253,Booking
2024-04-22,Hotel Pacífico,Medellín,80,69,18969273,1412735,7,69,69,7.295139284975012,Expedia
2024-04-23,Hotel Andino,Bogotá,200,151,39227837,648702,7,151,151,8.807669443514401,Booking
2024-04-23,Hotel Caribe,Cartagena,80,41,10154101,1443693,8,41,41,8.431712760623391,Expedia
2024-04-23,Hotel Pacífico,Medellín,200,153,30119121,1503171,7,153,153,6.841869904142952,Booking
2024-04-24,Hotel Andino,Bogotá,80,71,18672290,1618095,1,71,71,6.8842872390986,Directo
2024-04-24,Hotel Caribe,Cartagena,80,79,18919631,526806,8,79,79,7.616501071512539,Directo
2024-04-24,Hotel Pacífico,Medellín,120,61,17295513,907507,4,61,61,8.527946826759067,Directo
2024-04-25,Hotel Andino,Bogotá,120,60,13667640,792985,6,60,60,9.137805979993514,Otro
2024-04-25,Hotel Caribe,Cartagena,80,57,14278500,1183404,4,57,57,9.435191836401788,Expedia
2024-04-25,Hotel Pacífico,Medellín,120,46,13599578,1132543,5,46,46,8.759562007740207,Booking
2024-04-26,Hotel Andino,Bogotá,120,68,16011076,644129,4,68,68,8.677939729955886,Directo
2024-04-26,Hotel Caribe,Cartagena,120,118,20126906,922955,5,118,118,8.126711616475545,Booking
2024-04-26,Hotel Pacífico,Medellín,80,42,6673548,846130,6,42,42,8.566655906150272,Directo
2024-04-27,Hotel Andino,Bogotá,200,64,13212608,1388036,7,64,64,7.88467242325937,Otro
2024-04-27,Hotel Caribe,Cartagena,80,44,8306628,744839,2,44,44,7.704482947583864,Expedia
2024-04-27,Hotel Pacífico,Medellín,120,49,11274998,1497082,1,49,49,7.566153706057218,Booking
2024-04-28,Hotel Andino,Bogotá,80,75,19408275,1567609,9,75,75,6.605934064820717,Booking
2024-04-28,Hotel Caribe,Cartagena,120,53,15635848,782017,4,53,53,7.603822253906253,Directo
2024-04-28,Hotel Pacífico,Medellín,200,109,17667483,916978,4,109,109,6.874142170734172,Directo
2024-04-29,Hotel Andino,Bogotá,80,43,11074177,1042601,7,43,43,7.1516272930736315,Expedia
2024-04-29,Hotel Caribe,Cartagena,80,77,19549684,1812743,6,77,77,6.509654790812836,Expedia
2024-04-29,Hotel Pacífico,Medellín,120,43,7905464,1432883,0,43,43,8.264606800845172,Otro
2024-04-30,Hotel Andino,Bogotá,80,53,11613466,1073156,9,53,53,8.18445376387857,Otro
2024-04-30,Hotel Caribe,Cartagena,120,63,13588911,1564605,1,63,63,8.306436932157442,Otro
2024-04-30,Hotel Pacífico,Medellín,200,88,19265488,817650,5,88,88,8.58624694498416,Otro
2024-05-01,Hotel Andino,Bogotá,120,97,15852516,675006,3,97,97,8.051807169324828,Otro
2024-05-01,Hotel Caribe,Cartagena,80,75,11660175,790998,0,75,75,7.802058098521625,Expedia
2024-05-01,Hotel Pacífico,Medellín,200,155,36383150,918267,8,155,155,9.299339994030673,Booking
2024-05-02,Hotel Andino,Bogotá,80,56,10306856,811955,5,56,56,9.47337929546391,Otro
2024-05-02,Hotel Caribe,Cartagena,200,142,41967248,1004409,4,142,142,7.053428759400918,Booking
2024-05-02,Hotel Pacífico,Medellín,120,89,17519650,1864940,0,89,89,8.257430437915705,Expedia
2024-05-03,Hotel Andino,Bogotá,80,45,9138240,1571860,2,45,45,7.277890276597321,Expedia
2024-05-03,Hotel Caribe,Cartagena,120,108,22983696,1818719,4,108,108,7.942718002259209,Booking
2024-05-03,Hotel Pacífico,Medellín,120,103,26666597,1269605,9,103,103,6.741804541271374,Directo
2024-05-04,Hotel Andino,Bogotá,200,168,25676952,568920,3,168,168,8.796538696973329,Expedia
2024-05-04,Hotel Caribe,Cartagena,120,99,15595569,930267,8,99,99,8.754125258087138,Otro
2024-05-04,Hotel Pacífico,Medellín,80,75,21187725,1192841,5,75,75,7.285117051207718,Directo
2024-05-05,Hotel Andino,Bogotá,200,53,15798611,1467561,5,53,53,7.786660636583116,Booking
2024-05-05,Hotel Caribe,Cartagena,80,45,8631000,1644620,3,45,45,6.600840800549848,Otro
2024-05-05,Hotel Pacífico,Medellín,120,96,28508544,1333731,1,96,96,7.73328680780212,Directo
2024-05-06,Hotel Andino,Bogotá,120,54,15949494,615359,7,54,54,8.144961751179272,Otro
2024-05-06,Hotel Caribe,Cartagena,200,188,37712988,1494969,7,188,188,7.280473372886154,Booking
2024-05-06,Hotel Pacífico,Medellín,80,60,10693680,749430,9,60,60,7.073572104394367,Booking
2024-05-07,Hotel Andino,Bogotá,200,154,36635984,1610868,8,154,154,7.049046332704181,Booking
2024-05-07,Hotel Caribe,Cartagena,120,107,25787642,629350,5,107,107,8.183668364847575,Booking
2024-05-07,Hotel Pacífico,Medellín,80,73,12298602,1726408,6,73,73,8.623505291689305,Booking
2024-05-08,Hotel Andino,Bogotá,120,109,21872921,1757669,1,109,109,7.954088861390141,Booking
2024-05-08,Hotel Caribe,Cartagena,80,41,6738637,1660248,1,41,41,6.792687530717899,Otro
2024-05-08,Hotel Pacífico,Medellín,200,164,35962904,593269,7,164,164,8.860910404753,Expedia
2024-05-09,Hotel Andino,Bogotá,200,177,52757682,1353695,2,177,177,8.8588345981521,Otro
2024-05-09,Hotel Caribe,Cartagena,200,60,17633460,1088158,3,60,60,8.770254517065904,Expedia
2024-05-09,Hotel Pacífico,Medellín,200,159,46436745,1304565,3,159,159,9.11173527513802,Directo
2024-05-10,Hotel Andino,Bogotá,80,79,13310631,1536059,9,79,79,8.17394221634792,Expedia
2024-05-10,Hotel Caribe,Cartagena,80,42,10129518,1047936,9,42,42,7.993437524102871,Expedia
2024-05-10,Hotel Pacífico,Medellín,200,62,14797168,710097,2,62,62,7.823216474752352,Directo
2024-05-11,Hotel Andino,Bogotá,120,47,12820425,1469211,8,47,47,8.232780097643472,Booking
2024-05-11,Hotel Caribe,Cartagena,200,176,33086416,1234417,9,176,176,7.84280882096065,Expedia
2024-05-11,Hotel Pacífico,Medellín,120,46,8634706,1555106,2,46,46,9.191559022893857,Directo
2024-05-12,Hotel Andino,Bogotá,120,72,19810584,1275158,7,72,72,9.18196913002361,Otro
2024-05-12,Hotel Caribe,Cartagena,200,140,30498020,1588477,5,140,140,9.403267631310166,Directo
2024-05-12,Hotel Pacífico,Medellín,80,51,11764935,1921174,0,51,51,7.753282937825299,Directo
2024-05-13,Hotel Andino,Bogotá,80,60,15921420,1605057,3,60,60,9.491234471244985,Expedia
2024-05-13,Hotel Caribe,Cartagena,200,98,15526924,1949796,8,98,98,6.779091459380082,Otro
2024-05-13,Hotel Pacífico,Medellín,80,59,10796646,1646332,8,59,59,8.957190541584968,Expedia
2024-05-14,Hotel Andino,Bogotá,120,99,22951665,1670808,1,99,99,8.964910693131415,Otro
2024-05-14,Hotel Caribe,Cartagena,80,60,11778300,1033634,9,60,60,7.233019822359399,Otro
2024-05-14,Hotel Pacífico,Medellín,120,101,24810448,1049844,2,101,101,6.925915969282982,Booking
2024-05-15,Hotel Andino,Bogotá,200,121,22247786,1653976,6,121,121,8.362785702435293,Expedia
2024-05-15,Hotel Caribe,Cartagena,80,44,13161720,933934,2,44,44,6.593346799752073,Booking
2024-05-15,Hotel Pacífico,Medellín,120,105,30613695,1810875,6,105,105,7.001396034413664,Otro
2024-05-16,Hotel Andino,Bogotá,80,47,11184120,1349710,5,47,47,7.581133459791043,Booking
2024-05-16,Hotel Caribe,Cartagena,200,96,24947424,1859501,3,96,96,9.113613446789156,Directo
2024-05-16,Hotel Pacífico,Medellín,80,74,14869486,641521,2,74,74,9.22158509211749,Directo
2024-05-17,Hotel Andino,Bogotá,200,190,39673900,1142650,1,190,190,7.841166631419276,Expedia
2024-05-17,Hotel Caribe,Cartagena,120,111,18319107,626498,2,111,111,9.430400985531978,Expedia
2024-05-17,Hotel Pacífico,Medellín,200,123,35613912,746183,7,123,123,6.581525048272533,Expedia
2024-05-18,Hotel Andino,Bogotá,200,189,31818339,1224984,2,189,189,9.418328968676256,Directo
2024-05-18,Hotel Caribe,Cartagena,120,58,8994350,1576941,8,58,58,7.4142532861584,Directo
2024-05-18,Hotel Pacífico,Medellín,80,58,11724236,1080595,7,58,58,8.611057932382387,Booking
2024-05-19,Hotel Andino,Bogotá,80,69,14470059,1686464,7,69,69,7.3514853410705605,Expedia
2024-05-19,Hotel Caribe,Cartagena,200,92,26892704,991450,8,92,92,6.644428507935061,Otro
2024-05-19,Hotel Pacífico,Medellín,120,80,17047600,1666462,6,80,80,8.093949561704177,Expedia
2024-05-20,Hotel Andino,Bogotá,80,69,14925666,1875807,1,69,69,8.220048036905654,Booking
2024-05-20,Hotel Caribe,Cartagena,80,59,11499100,1984738,0,59,59,8.71269724727848,Booking
2024-05-20,Hotel Pacífico,Medellín,80,48,9427344,1295600,1,48,48,9.136936700846801,Booking
2024-05-21,Hotel Andino,Bogotá,80,62,11294788,1255111,5,62,62,7.8037878825761355,Directo
2024-05-21,Hotel Caribe,Cartagena,200,144,25437456,1676371,5,144,144,8.321268736156263,Directo
2024-05-21,Hotel Pacífico,Medellín,120,59,13452118,1053091,6,59,59,8.037091332637372,Otro
2024-05-22,Hotel Andino,Bogotá,120,115,18258550,1941985,7,115,115,8.301953199645068,Directo
2024-05-22,Hotel Caribe,Cartagena,80,40,7682800,1503429,5,40,40,9.17444004687052,Expedia
2024-05-22,Hotel Pacífico,Medellín,80,51,9125583,1524729,7,51,51,7.216569981205783,Expedia
2024-05-23,Hotel Andino,Bogotá,80,68,13097072,961552,2,68,68,7.088293138215179,Directo
2024-05-23,Hotel Caribe,Cartagena,80,59,14517245,702416,5,59,59,9.062407992951513,Booking
2024-05-23,Hotel Pacífico,Medellín,120,47,11563786,1958516,4,47,47,8.216145930107903,Expedia
2024-05-24,Hotel Andino,Bogotá,120,93,26647755,1267524,0,93,93,8.351199548353403,Otro
2024-05-24,Hotel Caribe,Cartagena,80,78,15548052,1355080,6,78,78,7.980639741020356,Directo
2024-05-24,Hotel Pacífico,Medellín,120,58,13530008,1477022,0,58,58,7.669617058824633,Directo
2024-05-25,Hotel Andino,Bogotá,80,51,14504043,1367780,7,51,51,9.088641508737236,Expedia
2024-05-25,Hotel Caribe,Cartagena,200,197,42603614,634832,3,197,197,8.55976974047782,Expedia
2024-05-25,Hotel Pacífico,Medellín,120,72,12599640,1058830,7,72,72,8.753534143425254,Booking
2024-05-26,Hotel Andino,Bogotá,120,54,15954192,1872070,1,54,54,8.505717940168742,Booking
2024-05-26,Hotel Caribe,Cartagena,120,105,30568650,755948,9,105,105,8.00646082988596,Directo
2024-05-26,Hotel Pacífico,Medellín,120,112,28654976,606022,2,112,112,8.67191916639828,Directo
2024-05-27,Hotel Andino,Bogotá,80,41,10247212,661445,2,41,41,8.101902417643291,Otro
2024-05-27,Hotel Caribe,Cartagena,120,80,19558000,1010370,0,80,80,6.753177141633627,Directo
2024-05-27,Hotel Pacífico,Medellín,120,101,27169606,1785016,6,101,101,8.950169607675633,Expedia
2024-05-28,Hotel Andino,Bogotá,80,57,15461307,994178,6,57,57,8.127603105596755,Expedia
2024-05-28,Hotel Caribe,Cartagena,120,69,12835863,1379979,1,69,69,7.652718860412143,Directo
2024-05-28,Hotel Pacífico,Medellín,200,80,17493600,1534262,7,80,80,9.1689560990527,Otro
2024-05-29,Hotel Andino,Bogotá,120,96,20800992,583555,0,96,96,8.077437796619972,Expedia
2024-05-29,Hotel Caribe,Cartagena,80,46,10064938,1981124,7,46,46,8.785720460397247,Directo
2024-05-29,Hotel Pacífico,Medellín,200,196,52520356,1851099,1,196,196,8.41070695236423,Directo
2024-05-30,Hotel Andino,Bogotá,200,165,26584800,1833572,7,165,165,7.59378118459262,Otro
2024-05-30,Hotel Caribe,Cartagena,120,104,31045040,1728163,0,104,104,6.921658902735082,Booking
2024-05-30,Hotel Pacífico,Medellín,120,98,26548788,701260,3,98,98,6.797906608261079,Expedia
2024-05-31,Hotel Andino,Bogotá,120,103,27258950,1436197,4,103,103,7.367734315917963,Booking
2024-05-31,Hotel Caribe,Cartagena,120,76,12010736,1445238,5,76,76,8.308828629438384,Otro
2024-05-31,Hotel Pacífico,Medellín,80,68,14383088,1350350,3,68,68,6.592812934194026,Otro
2024-06-01,Hotel Andino,Bogotá,120,107,19015612,1945028,8,107,107,8.161134456074034,Expedia
2024-06-01,Hotel Caribe,Cartagena,80,61,14446996,1160858,6,61,61,7.821324050937272,Expedia
2024-06-01,Hotel Pacífico,Medellín,120,71,19600260,1736530,9,71,71,6.672942746597075,Expedia
2024-06-02,Hotel Andino,Bogotá,200,60,9008280,893574,3,60,60,7.541831117091522,Otro
2024-06-02,Hotel Caribe,Cartagena,200,63,14586516,1342210,1,63,63,7.9666934953773545,Directo
2024-06-02,Hotel Pacífico,Medellín,80,56,13165040,1343601,7,56,56,7.477469352693349,Otro
2024-06-03,Hotel Andino,Bogotá,120,58,13223304,1007732,7,58,58,6.618378598672698,Booking
2024-06-03,Hotel Caribe,Cartagena,80,75,18151575,1404850,4,75,75,8.297361755120976,Expedia
2024-06-03,Hotel Pacífico,Medellín,80,51,11527071,1707956,5,51,51,8.871529382824654,Otro
2024-06-04,Hotel Andino,Bogotá,80,56,15807624,1090381,9,56,56,9.332126281476194,Booking
2024-06-04,Hotel Caribe,Cartagena,200,186,47070090,630351,3,186,186,9.090642567543636,Directo
2024-06-04,Hotel Pacífico,Medellín,200,141,38466633,841207,6,141,141,7.659621520469083,Directo
2024-06-05,Hotel Andino,Bogotá,80,56,14762328,914299,2,56,56,8.306350956064339,Directo
2024-06-05,Hotel Caribe,Cartagena,200,148,40764824,1522892,0,148,148,8.42059493467887,Booking
2024-06-05,Hotel Pacífico,Medellín,200,102,17526252,830170,4,102,102,8.031297467012697,Expedia
2024-06-06,Hotel Andino,Bogotá,80,70,16807140,814063,1,70,70,7.930530404953451,Booking
2024-06-06,Hotel Caribe,Cartagena,120,82,22002650,1177673,4,82,82,7.57614657625104,Expedia
2024-06-06,Hotel Pacífico,Medellín,80,63,14580846,1598423,8,63,63,8.880182042916044,Directo
2024-06-07,Hotel Andino,Bogotá,200,153,24556959,584761,0,153,153,6.769436462848322,Expedia
2024-06-07,Hotel Caribe,Cartagena,200,106,22962144,1188152,4,106,106,8.721428395860556,Booking
2024-06-07,Hotel Pacífico,Medellín,80,79,18049209,1141211,8,79,79,8.798347798386759,Otro
2024-06-08,Hotel Andino,Bogotá,200,143,32470152,521281,3,143,143,7.721319467376883,Expedia
2024-06-08,Hotel Caribe,Cartagena,200,138,26477922,1057243,1,138,138,6.518266244719517,Directo
2024-06-08,Hotel Pacífico,Medellín,200,141,24256371,963937,7,141,141,6.838794928058034,Expedia
2024-06-09,Hotel Andino,Bogotá,120,55,14357255,1140473,7,55,55,7.38587148214383,Otro
2024-06-09,Hotel Caribe,Cartagena,120,78,17041986,648694,7,78,78,7.715308083582699,Directo
2024-06-09,Hotel Pacífico,Medellín,120,92,16417768,1154224,8,92,92,7.157821885771627,Booking
2024-06-10,Hotel Andino,Bogotá,80,58,15176744,954418,8,58,58,8.77883428609939,Directo
2024-06-10,Hotel Caribe,Cartagena,80,62,11676646,1932649,9,62,62,8.96429597492778,Expedia
2024-06-10,Hotel Pacífico,Medellín,120,53,13507527,1695885,3,53,53,7.409582178383138,Directo
2024-06-11,Hotel Andino,Bogotá,120,69,18735846,1894947,6,69,69,8.66196543584934,Otro
2024-06-11,Hotel Caribe,Cartagena,200,198,58075182,1171009,1,198,198,8.971334270303496,Directo
2024-06-11,Hotel Pacífico,Medellín,200,144,34513632,1398488,0,144,144,8.03338741771169,Expedia
2024-06-12,Hotel Andino,Bogotá,120,77,13705230,1611127,1,77,77,7.900903999890832,Expedia
2024-06-12,Hotel Caribe,Cartagena,80,68,17416296,734104,0,68,68,6.889789773607104,Booking
2024-06-12,Hotel Pacífico,Medellín,200,139,41322059,1662126,2,139,139,7.801452258729588,Booking
2024-06-13,Hotel Andino,Bogotá,120,95,25724005,1940434,4,95,95,6.848068044044508,Directo
2024-06-13,Hotel Caribe,Cartagena,120,68,14441024,544760,7,68,68,8.527543239393008,Directo
2024-06-13,Hotel Pacífico,Medellín,200,188,46725144,1316228,0,188,188,7.335318224751304,Directo
2024-06-14,Hotel Andino,Bogotá,80,43,11223946,1078328,8,43,43,6.8160947667525695,Directo
2024-06-14,Hotel Caribe,Cartagena,200,179,38816508,1936457,0,179,179,7.5801513977029344,Otro
2024-06-14,Hotel Pacífico,Medellín,200,67,14533238,1273422,1,67,67,8.403272435859751,Directo
2024-06-15,Hotel Andino,Bogotá,80,46,7003822,1838084,3,46,46,9.051044003359685,Otro
2024-06-15,Hotel Caribe,Cartagena,80,48,9714672,988906,5,48,48,9.140470213764456,Booking
2024-06-15,Hotel Pacífico,Medellín,80,62,15976904,1763340,1,62,62,7.684203061534484,Otro
2024-06-16,Hotel Andino,Bogotá,200,75,14803275,1703202,5,75,75,8.434497812066942,Booking
2024-06-16,Hotel Caribe,Cartagena,120,93,19003248,836227,4,93,93,7.362228789396739,Directo
2024-06-16,Hotel Pacífico,Medellín,80,49,10412843,1605710,4,49,49,8.564133331508042,Booking
2024-06-17,Hotel Andino,Bogotá,80,77,12951323,1722613,0,77,77,6.87310519700153,Expedia
2024-06-17,Hotel Caribe,Cartagena,200,192,39193152,1179447,8,192,192,9.390497722662765,Otro
2024-06-17,Hotel Pacífico,Medellín,120,104,26261872,781755,0,104,104,8.063888142962417,Expedia
2024-06-18,Hotel Andino,Bogotá,200,173,42138302,792575,4,173,173,7.525411116476548,Directo
2024-06-18,Hotel Caribe,Cartagena,120,46,9289930,1609816,4,46,46,8.439376224913792,Directo
2024-06-18,Hotel Pacífico,Medellín,200,90,24020550,1028714,7,90,90,8.849595239895878,Booking
2024-06-19,Hotel Andino,Bogotá,80,61,14658666,1249468,8,61,61,9.312135314492963,Expedia
2024-06-19,Hotel Caribe,Cartagena,80,54,13691538,1260278,9,54,54,8.246626279304694,Otro
2024-06-19,Hotel Pacífico,Medellín,80,44,9887108,709329,5,44,44,7.597042244784114,Directo
2024-06-20,Hotel Andino,Bogotá,120,110,24996400,1974585,8,110,110,8.843965567241915,Booking
2024-06-20,Hotel Caribe,Cartagena,200,50,12847800,880596,7,50,50,8.407864121491185,Directo
2024-06-20,Hotel Pacífico,Medellín,200,195,43722510,1744992,0,195,195,9.342185748759341,Expedia
2024-06-21,Hotel Andino,Bogotá,120,99,16730010,852414,8,99,99,8.569999211926831,Expedia
2024-06-21,Hotel Caribe,Cartagena,80,44,6861316,1661576,7,44,44,6.902824552706827,Expedia
2024-06-21,Hotel Pacífico,Medellín,120,66,13009788,1633279,9,66,66,8.538860998205323,Booking
2024-06-22,Hotel Andino,Bogotá,120,77,14984585,1895285,1,77,77,8.140578922925378,Expedia
2024-06-22,Hotel Caribe,Cartagena,80,70,15210510,1906978,5,70,70,7.836624916225673,Otro
2024-06-22,Hotel Pacífico,Medellín,80,72,14195016,1656618,5,72,72,6.826679941943118,Otro
2024-06-23,Hotel Andino,Bogotá,200,87,19435974,1301881,8,87,87,7.1573524384098155,Booking
2024-06-23,Hotel Caribe,Cartagena,80,57,10765590,1907286,5,57,57,8.367029793851739,Expedia
2024-06-23,Hotel Pacífico,Medellín,120,43,7540996,1290074,1,43,43,8.594933471682719,Directo
2024-06-24,Hotel Andino,Bogotá,80,55,11315975,1598657,6,55,55,7.67838132742803,Expedia
2024-06-24,Hotel Caribe,Cartagena,120,104,26204984,1118071,1,104,104,8.814880732935823,Expedia
2024-06-24,Hotel Pacífico,Medellín,80,76,13117676,1535811,4,76,76,7.63095662577884,Otro
2024-06-25,Hotel Andino,Bogotá,120,82,22855614,1160327,1,82,82,8.044050851364316,Otro
2024-06-25,Hotel Caribe,Cartagena,200,61,14094050,979083,9,61,61,9.204149289925805,Expedia
2024-06-25,Hotel Pacífico,Medellín,200,194,39933154,890642,0,194,194,6.634733896986847,Booking
2024-06-26,Hotel Andino,Bogotá,200,106,16872126,868226,0,106,106,7.833096047724544,Expedia
2024-06-26,Hotel Caribe,Cartagena,120,56,11397176,1594316,3,56,56,7.658969519229398,Booking
2024-06-26,Hotel Pacífico,Medellín,200,121,25871131,945376,1,121,121,9.206709210386714,Expedia
2024-06-27,Hotel Andino,Bogotá,80,59,17326766,1142762,8,59,59,6.616789889977002,Expedia
2024-06-27,Hotel Caribe,Cartagena,80,56,10828216,1583116,8,56,56,9.351377511725888,Booking
2024-06-27,Hotel Pacífico,Medellín,200,95,18620190,1598388,2,95,95,7.479015292795962,Directo
2024-06-28,Hotel Andino,Bogotá,200,148,36852444,720462,6,148,148,9.339369539451216,Otro
2024-06-28,Hotel Caribe,Cartagena,80,60,16995060,1623177,3,60,60,7.9926195564383065,Otro
2024-06-28,Hotel Pacífico,Medellín,80,68,16546440,725391,6,68,68,6.598428872385825,Expedia
2024-06-29,Hotel Andino,Bogotá,80,66,14081298,938242,4,66,66,7.880007186742397,Directo
2024-06-29,Hotel Caribe,Cartagena,200,79,23332018,1186268,3,79,79,8.580854172421386,Otro
2024-06-29,Hotel Pacífico,Medellín,120,43,12803035,637686,4,43,43,7.347417279110011,Directo
2024-06-30,Hotel Andino,Bogotá,80,44,8229936,1717192,8,44,44,8.27129326946808,Otro
2024-06-30,Hotel Caribe,Cartagena,120,109,20072132,719526,6,109,109,7.412596158908842,Booking
2024-06-30,Hotel Pacífico,Medellín,200,167,31492526,1114741,3,167,167,9.400536499397855,Expedia
2024-07-01,Hotel Andino,Bogotá,200,180,43834680,1599577,1,180,180,9.188122398971657,Booking
2024-07-01,Hotel Caribe,Cartagena,80,66,14220228,1941149,5,66,66,7.717253505845183,Otro
2024-07-01,Hotel Pacífico,Medellín,120,93,14201844,1304807,0,93,93,7.642069043482597,Directo
2024-07-02,Hotel Andino,Bogotá,200,71,17951782,578077,8,71,71,7.30654022735853,Otro
2024-07-02,Hotel Caribe,Cartagena,120,56,12821648,795064,4,56,56,8.180275092330186,Booking
2024-07-02,Hotel Pacífico,Medellín,80,64,18155648,1101891,0,64,64,9.298774587709016,Otro
2024-07-03,Hotel Andino,Bogotá,120,54,15570090,888518,5,54,54,9.262983563289728,Directo
2024-07-03,Hotel Caribe,Cartagena,120,78,14295528,1126256,1,78,78,8.92121271160011,Booking
2024-07-03,Hotel Pacífico,Medellín,80,52,11025092,1192485,3,52,52,9.43557640516742,Directo
2024-07-04,Hotel Andino,Bogotá,80,51,15267309,762318,6,51,51,8.147929314440312,Booking
2024-07-04,Hotel Caribe,Cartagena,200,54,12694914,812863,3,54,54,7.653065115572405,Directo
2024-07-04,Hotel Pacífico,Medellín,200,155,26182445,1290605,9,155,155,8.347735747030164,Expedia
2024-07-05,Hotel Andino,Bogotá,80,43,10268013,1707610,2,43,43,8.618579548890075,Booking
2024-07-05,Hotel Caribe,Cartagena,80,79,23040350,1533668,5,79,79,6.855477076305202,Otro
2024-07-05,Hotel Pacífico,Medellín,120,58,10760798,1208175,9,58,58,8.926369953690616,Directo
2024-07-06,Hotel Andino,Bogotá,200,41,8810367,519477,2,41,41,8.004546384439202,Otro
2024-07-06,Hotel Caribe,Cartagena,200,158,43833308,905105,6,158,158,9.218261181443783,Expedia
2024-07-06,Hotel Pacífico,Medellín,80,51,10695822,592036,0,51,51,9.304983295516296,Booking
2024-07-07,Hotel Andino,Bogotá,80,67,10109429,793946,0,67,67,7.357274973778118,Otro
2024-07-07,Hotel Caribe,Cartagena,80,58,15819268,1888509,6,58,58,9.33334574808291,Booking
2024-07-07,Hotel Pacífico,Medellín,120,46,10648356,1623853,6,46,46,7.75500159230684,Expedia
2024-07-08,Hotel Andino,Bogotá,80,59,14107844,751671,1,59,59,9.323817344725555,Booking
2024-07-08,Hotel Caribe,Cartagena,80,47,11942324,729577,0,47,47,6.809364087224227,Expedia
2024-07-08,Hotel Pacífico,Medellín,80,67,14212040,895204,1,67,67,8.613663284082335,Booking
2024-07-09,Hotel Andino,Bogotá,80,66,18226230,1838950,2,66,66,7.115998816120399,Booking
2024-07-09,Hotel Caribe,Cartagena,200,41,9280801,1898949,5,41,41,6.931825740716692,Directo
2024-07-09,Hotel Pacífico,Medellín,200,196,35466004,1354568,5,196,196,8.587392432966334,Directo
2024-07-10,Hotel Andino,Bogotá,200,150,44589750,1840829,4,150,150,6.545332052643425,Directo
2024-07-10,Hotel Caribe,Cartagena,120,118,17854108,1552425,8,118,118,8.619889609636129,Otro
2024-07-10,Hotel Pacífico,Medellín,120,98,20024340,551707,1,98,98,9.098286900835074,Booking
2024-07-11,Hotel Andino,Bogotá,200,193,40966180,1334874,5,193,193,9.317171287901562,Booking
2024-07-11,Hotel Caribe,Cartagena,200,61,14824647,584381,8,61,61,6.651466833237224,Booking
2024-07-11,Hotel Pacífico,Medellín,80,43,9271574,764064,9,43,43,7.697105952927304,Booking
2024-07-12,Hotel Andino,Bogotá,120,71,12849651,1919920,9,71,71,6.524959826681576,Expedia
2024-07-12,Hotel Caribe,Cartagena,120,74,21367204,1861236,8,74,74,7.802062918126277,Directo
2024-07-12,Hotel Pacífico,Medellín,80,48,13486560,1638585,2,48,48,8.26836196845409,Booking
2024-07-13,Hotel Andino,Bogotá,200,160,38588160,1886665,1,160,160,8.64215817013438,Otro
2024-07-13,Hotel Caribe,Cartagena,200,152,29452128,623030,3,152,152,6.541236662034036,Directo
2024-07-13,Hotel Pacífico,Medellín,80,44,6821716,652353,7,44,44,7.5645824922384435,Expedia
2024-07-14,Hotel Andino,Bogotá,200,101,23870946,829231,1,101,101,7.616601175475658,Directo
2024-07-14,Hotel Caribe,Cartagena,120,77,22049335,900826,7,77,77,7.1008460536028775,Expedia
2024-07-14,Hotel Pacífico,Medellín,120,104,15705456,1034391,7,104,104,6.7053761580007345,Expedia
2024-07-15,Hotel Andino,Bogotá,80,48,7585152,975430,0,48,48,9.095580042193433,Booking
2024-07-15,Hotel Caribe,Cartagena,120,76,17986464,1960049,7,76,76,8.862120035015316,Expedia
2024-07-15,Hotel Pacífico,Medellín,80,77,21583023,1980298,4,77,77,8.851962076068066,Expedia
2024-07-16,Hotel Andino,Bogotá,120,102,26125566,808362,9,102,102,6.565739986325027,Otro
2024-07-16,Hotel Caribe,Cartagena,120,46,11589608,1733770,5,46,46,6.5849338232080035,Otro
2024-07-16,Hotel Pacífico,Medellín,200,168,31221456,513261,5,168,168,8.465521143573014,Booking
2024-07-17,Hotel Andino,Bogotá,120,77,12601204,1815823,4,77,77,8.859567147172541,Otro
2024-07-17,Hotel Caribe,Cartagena,80,46,9080676,825203,2,46,46,6.831295590233308,Booking
2024-07-17,Hotel Pacífico,Medellín,80,43,6544041,1176585,6,43,43,7.264646746744647,Booking
2024-07-18,Hotel Andino,Bogotá,200,161,26466307,831607,8,161,161,8.984350487019029,Expedia
2024-07-18,Hotel Caribe,Cartagena,200,135,32627205,1629833,9,135,135,9.32336243760102,Booking
2024-07-18,Hotel Pacífico,Medellín,80,60,16872480,517413,2,60,60,8.986613828758877,Directo
2024-07-19,Hotel Andino,Bogotá,120,80,18099200,735595,6,80,80,7.885530443825331,Expedia
2024-07-19,Hotel Caribe,Cartagena,80,61,15975900,1379854,4,61,61,7.7332808266413195,Otro
2024-07-19,Hotel Pacífico,Medellín,120,62,9642240,667527,4,62,62,8.65621885356059,Expedia
2024-07-20,Hotel Andino,Bogotá,120,61,13110425,869360,9,61,61,9.144987446998138,Expedia
2024-07-20,Hotel Caribe,Cartagena,120,75,13450875,1279976,9,75,75,8.323258049286958,Expedia
2024-07-20,Hotel Pacífico,Medellín,200,86,21276916,1860018,5,86,86,7.158661769689406,Otro
2024-07-21,Hotel Andino,Bogotá,200,176,29133984,1502429,0,176,176,8.122715011514241,Expedia
2024-07-21,Hotel Caribe,Cartagena,200,196,56191240,1782188,5,196,196,8.226228161858446,Booking
2024-07-21,Hotel Pacífico,Medellín,200,87,19180281,593500,6,87,87,6.928525894442996,Expedia
2024-07-22,Hotel Andino,Bogotá,80,46,12423496,1607268,9,46,46,9.187024332856335,Directo
2024-07-22,Hotel Caribe,Cartagena,120,88,23031184,1901652,0,88,88,6.554372123137189,Booking
2024-07-22,Hotel Pacífico,Medellín,200,64,17480320,1075228,2,64,64,8.18203488481685,Booking
2024-07-23,Hotel Andino,Bogotá,200,199,57795769,1415480,5,199,199,8.670330987064736,Otro
2024-07-23,Hotel Caribe,Cartagena,80,68,17551956,776815,8,68,68,7.955283979938621,Directo
2024-07-23,Hotel Pacífico,Medellín,120,110,16578870,1822396,2,110,110,8.96179627302976,Booking
2024-07-24,Hotel Andino,Bogotá,80,54,8369676,1290666,4,54,54,7.729217709328817,Booking
2024-07-24,Hotel Caribe,Cartagena,120,90,17203770,839679,7,90,90,9.132051359398517,Otro
2024-07-24,Hotel Pacífico,Medellín,200,143,38337442,1180667,3,143,143,8.444954022356287,Booking
2024-07-25,Hotel Andino,Bogotá,120,105,16429980,944972,5,105,105,7.800416698266903,Otro
2024-07-25,Hotel Caribe,Cartagena,80,68,15619464,1270050,5,68,68,8.687704228740929,Otro
2024-07-25,Hotel Pacífico,Medellín,200,101,28039519,1965915,3,101,101,6.6359578368826835,Directo
2024-07-26,Hotel Andino,Bogotá,200,135,21333510,1875645,1,135,135,8.48505286519957,Booking
2024-07-26,Hotel Caribe,Cartagena,80,67,18876714,1768859,1,67,67,8.818428719871012,Directo
2024-07-26,Hotel Pacífico,Medellín,80,75,22327875,1276505,4,75,75,8.063219571525163,Expedia
2024-07-27,Hotel Andino,Bogotá,200,97,22048003,1306608,2,97,97,8.513472420139067,Otro
2024-07-27,Hotel Caribe,Cartagena,80,46,8552826,1148456,5,46,46,8.749933395356212,Booking
2024-07-27,Hotel Pacífico,Medellín,200,170,39350070,697097,4,170,170,8.124939254650279,Expedia
2024-07-28,Hotel Andino,Bogotá,120,115,30823220,954151,7,115,115,7.441480424673246,Otro
2024-07-28,Hotel Caribe,Cartagena,80,41,6431219,1459113,0,41,41,8.254004270497475,Expedia
2024-07-28,Hotel Pacífico,Medellín,200,129,36888582,1921969,0,129,129,7.315838118255346,Expedia
2024-07-29,Hotel Andino,Bogotá,80,42,6813492,1117693,0,42,42,8.086173257295307,Otro
2024-07-29,Hotel Caribe,Cartagena,80,52,13915356,658598,5,52,52,6.689420878782174,Booking
2024-07-29,Hotel Pacífico,Medellín,200,171,47164194,1455205,7,171,171,6.7651548409535565,Booking
2024-07-30,Hotel Andino,Bogotá,80,67,11997221,1028036,5,67,67,6.601029211623392,Booking
2024-07-30,Hotel Caribe,Cartagena,200,118,30448248,1174619,7,118,118,9.07436118275331,Otro
2024-07-30,Hotel Pacífico,Medellín,120,95,20510595,675607,7,95,95,8.708686647585651,Directo
2024-07-31,Hotel Andino,Bogotá,80,77,20845517,1121825,7,77,77,7.24702620832727,Expedia
2024-07-31,Hotel Caribe,Cartagena,80,77,14283731,1623979,9,77,77,6.517155744082368,Directo
2024-07-31,Hotel Pacífico,Medellín,200,134,23892468,1871535,0,134,134,9.383478247130496,Directo
2024-08-01,Hotel Andino,Bogotá,200,188,32998700,1628394,4,188,188,7.196054540926432,Expedia
2024-08-01,Hotel Caribe,Cartagena,200,191,49012319,945872,3,191,191,6.616814050062997,Directo
2024-08-01,Hotel Pacífico,Medellín,200,138,32667912,1253492,9,138,138,7.671780822745347,Otro
2024-08-02,Hotel Andino,Bogotá,80,68,14960952,901426,1,68,68,8.622191000098784,Directo
2024-08-02,Hotel Caribe,Cartagena,80,59,15558949,1239538,6,59,59,9.284546294341855,Expedia
2024-08-02,Hotel Pacífico,Medellín,120,94,25621016,1617374,4,94,94,9.48689332849665,Otro
2024-08-03,Hotel Andino,Bogotá,120,43,10577527,1422736,9,43,43,8.6453004838511,Booking
2024-08-03,Hotel Caribe,Cartagena,120,114,20623512,1043898,6,114,114,9.090924263889848,Otro
2024-08-03,Hotel Pacífico,Medellín,200,114,21224748,1418074,8,114,114,8.445916870306446,Expedia
2024-08-04,Hotel Andino,Bogotá,120,104,22315800,1358950,3,104,104,7.741482395962388,Otro
2024-08-04,Hotel Caribe,Cartagena,120,86,24057984,559821,1,86,86,6.55743460399051,Otro
2024-08-04,Hotel Pacífico,Medellín,80,54,12786930,1713735,5,54,54,8.557101628800933,Expedia
2024-08-05,Hotel Andino,Bogotá,200,195,55443765,636285,1,195,195,8.217821698646068,Expedia
2024-08-05,Hotel Caribe,Cartagena,120,75,13049175,1285945,7,75,75,6.784725323802038,Directo
2024-08-05,Hotel Pacífico,Medellín,120,59,10239981,1021244,7,59,59,7.192383961779595,Booking
2024-08-06,Hotel Andino,Bogotá,200,183,32119611,915466,6,183,183,8.004727099753845,Directo
2024-08-06,Hotel Caribe,Cartagena,200,194,49603084,1814047,8,194,194,9.491713699710807,Otro
2024-08-06,Hotel Pacífico,Medellín,80,56,11022480,552446,6,56,56,8.356974694095765,Directo
2024-08-07,Hotel Andino,Bogotá,200,156,34217196,531085,3,156,156,7.542521247275543,Booking
2024-08-07,Hotel Caribe,Cartagena,200,51,11667168,535903,9,51,51,9.313895694301682,Directo
2024-08-07,Hotel Pacífico,Medellín,120,50,11650700,1976971,9,50,50,7.188097331113017,Otro
2024-08-08,Hotel Andino,Bogotá,120,49,9585331,1800964,3,49,49,9.419230393736894,Expedia
2024-08-08,Hotel Caribe,Cartagena,80,79,16732121,1538218,7,79,79,7.159120371174201,Otro
2024-08-08,Hotel Pacífico,Medellín,120,78,23125440,1277635,3,78,78,7.131520818996028,Expedia
2024-08-09,Hotel Andino,Bogotá,200,121,19656813,1101982,7,121,121,6.748210506854569,Expedia
2024-08-09,Hotel Caribe,Cartagena,200,158,30820428,634445,4,158,158,7.935488348767885,Expedia
2024-08-09,Hotel Pacífico,Medellín,120,63,17057061,1371535,6,63,63,6.746816972831185,Directo
2024-08-10,Hotel Andino,Bogotá,200,96,27976032,1276372,7,96,96,7.5914289234228,Expedia
2024-08-10,Hotel Caribe,Cartagena,80,64,11741120,1445522,7,64,64,8.492605139215357,Expedia
2024-08-10,Hotel Pacífico,Medellín,200,102,21304740,1635270,0,102,102,8.795480986450299,Otro
2024-08-11,Hotel Andino,Bogotá,120,116,19027596,1759720,5,116,116,9.014691263245401,Directo
2024-08-11,Hotel Caribe,Cartagena,80,74,12844106,1297583,6,74,74,8.595591875627411,Directo
2024-08-11,Hotel Pacífico,Medellín,80,71,18415483,1058988,0,71,71,8.95356891696509,Expedia
2024-08-12,Hotel Andino,Bogotá,200,116,32247072,1366491,9,116,116,9.108818247424333,Expedia
2024-08-12,Hotel Caribe,Cartagena,200,111,28792068,698303,5,111,111,6.894960766379775,Otro
2024-08-12,Hotel Pacífico,Medellín,80,69,14125818,681890,5,69,69,8.977132854682,Expedia
2024-08-13,Hotel Andino,Bogotá,80,77,17124107,1239574,7,77,77,7.6135085480585944,Expedia
2024-08-13,Hotel Caribe,Cartagena,120,71,11493054,1372834,0,71,71,8.68839130949499,Booking
2024-08-13,Hotel Pacífico,Medellín,200,108,22358268,1532499,8,108,108,6.575712037544792,Directo
2024-08-14,Hotel Andino,Bogotá,120,61,16544359,1209132,9,61,61,8.877784439627405,Otro
2024-08-14,Hotel Caribe,Cartagena,80,56,10804248,1502403,0,56,56,8.163012423021035,Booking
2024-08-14,Hotel Pacífico,Medellín,80,63,15986313,1915153,6,63,63,7.374382740481382,Otro
2024-08-15,Hotel Andino,Bogotá,200,150,39583800,737723,8,150,150,8.607465024765407,Directo
2024-08-15,Hotel Caribe,Cartagena,120,56,11180344,989709,1,56,56,7.012125089937441,Booking
2024-08-15,Hotel Pacífico,Medellín,120,60,13764840,998512,7,60,60,7.180223553220833,Directo
2024-08-16,Hotel Andino,Bogotá,80,49,9681126,1985183,3,49,49,7.335412186782657,Booking
2024-08-16,Hotel Caribe,Cartagena,80,40,7422160,1857642,1,40,40,7.146502276602654,Otro
2024-08-16,Hotel Pacífico,Medellín,200,179,30374868,1637613,8,179,179,8.324958500023316,Otro
2024-08-17,Hotel Andino,Bogotá,200,51,10315515,516061,2,51,51,8.752308947633168,Directo
2024-08-17,Hotel Caribe,Cartagena,200,56,14906752,1002175,9,56,56,8.532179389666618,Booking
2024-08-17,Hotel Pacífico,Medellín,200,95,15507135,1266565,4,95,95,8.748278017942425,Directo
2024-08-18,Hotel Andino,Bogotá,120,111,28689504,717314,2,111,111,7.535251236539701,Booking
2024-08-18,Hotel Caribe,Cartagena,80,41,9889118,927858,6,41,41,7.296489222287217,Booking
2024-08-18,Hotel Pacífico,Medellín,120,58,8760958,578116,2,58,58,8.018990928062804,Expedia
2024-08-19,Hotel Andino,Bogotá,120,88,24761352,1486399,0,88,88,8.618738487665787,Directo
2024-08-19,Hotel Caribe,Cartagena,120,97,17067538,1210381,7,97,97,7.439489605489332,Otro
2024-08-19,Hotel Pacífico,Medellín,80,57,9305535,635639,1,57,57,9.285891686346183,Otro
2024-08-20,Hotel Andino,Bogotá,200,176,34129744,1237463,7,176,176,7.524275808812895,Booking
2024-08-20,Hotel Caribe,Cartagena,80,73,11365954,828953,7,73,73,7.912880757304201,Expedia
2024-08-20,Hotel Pacífico,Medellín,80,65,16135535,892551,9,65,65,7.031577503033573,Otro
2024-08-21,Hotel Andino,Bogotá,80,42,11543994,1044026,0,42,42,6.520633886658948,Otro
2024-08-21,Hotel Caribe,Cartagena,80,65,14919710,768449,6,65,65,9.153760664688841,Otro
2024-08-21,Hotel Pacífico,Medellín,200,171,46955061,1092054,0,171,171,7.820174139528197,Expedia
2024-08-22,Hotel Andino,Bogotá,120,42,7305018,1708468,8,42,42,9.089406613207217,Otro
2024-08-22,Hotel Caribe,Cartagena,120,101,24610064,1463443,5,101,101,8.546459484684906,Expedia
2024-08-22,Hotel Pacífico,Medellín,120,91,16006991,1973300,7,91,91,6.84974922366709,Booking
2024-08-23,Hotel Andino,Bogotá,120,86,24343074,1274107,2,86,86,8.199815776716388,Directo
2024-08-23,Hotel Caribe,Cartagena,200,79,23024471,1077880,3,79,79,6.532433250905589,Directo
2024-08-23,Hotel Pacífico,Medellín,200,100,23620700,948377,4,100,100,7.891945094500662,Otro
2024-08-24,Hotel Andino,Bogotá,200,141,32006436,1958760,1,141,141,8.716600031399098,Otro
2024-08-24,Hotel Caribe,Cartagena,200,69,10756962,780539,6,69,69,7.017571630839086,Directo
2024-08-24,Hotel Pacífico,Medellín,200,164,34915764,1393659,9,164,164,8.880711963616404,Directo
2024-08-25,Hotel Andino,Bogotá,200,70,19786130,1001323,0,70,70,7.873786983302084,Otro
2024-08-25,Hotel Caribe,Cartagena,80,40,7177280,1728265,5,40,40,9.193230699529176,Directo
2024-08-25,Hotel Pacífico,Medellín,80,61,11810698,1501452,7,61,61,6.974911700316843,Booking
2024-08-26,Hotel Andino,Bogotá,80,65,18112380,1426352,5,65,65,7.900079362653225,Expedia
2024-08-26,Hotel Caribe,Cartagena,80,45,9522090,703117,7,45,45,8.925217216681073,Expedia
2024-08-26,Hotel Pacífico,Medellín,80,66,13161720,1099792,4,66,66,7.112740276736503,Otro
2024-08-27,Hotel Andino,Bogotá,120,108,31788828,1671248,6,108,108,8.094716458060194,Expedia
2024-08-27,Hotel Caribe,Cartagena,200,44,13131404,642867,5,44,44,6.983656435925368,Otro
2024-08-27,Hotel Pacífico,Medellín,120,57,12832923,1260592,8,57,57,8.644259829331837,Booking
2024-08-28,Hotel Andino,Bogotá,200,167,29930909,1133718,2,167,167,8.82071630519216,Directo
2024-08-28,Hotel Caribe,Cartagena,200,120,35927400,1361858,9,120,120,9.000932031425517,Otro
2024-08-28,Hotel Pacífico,Medellín,80,56,15471568,1992017,0,56,56,7.832345739488996,Otro
2024-08-29,Hotel Andino,Bogotá,80,45,7170435,1648836,3,45,45,8.168984021771237,Otro
2024-08-29,Hotel Caribe,Cartagena,120,43,11374661,1160673,2,43,43,7.194141909130544,Otro
2024-08-29,Hotel Pacífico,Medellín,200,198,30404484,1492812,1,198,198,9.158545316388036,Otro
2024-08-30,Hotel Andino,Bogotá,200,142,28856956,781373,9,142,142,7.444477488054947,Expedia
2024-08-30,Hotel Caribe,Cartagena,80,68,20255704,719707,1,68,68,8.973414552813647,Booking
2024-08-30,Hotel Pacífico,Medellín,200,133,27560393,1804503,9,133,133,7.211433397933134,Otro
2024-08-31,Hotel Andino,Bogotá,80,62,11857314,1259401,1,62,62,7.248509239048225,Expedia
2024-08-31,Hotel Caribe,Cartagena,80,76,22077164,1738227,5,76,76,7.475633588828634,Directo
2024-08-31,Hotel Pacífico,Medellín,200,106,30188164,1906352,3,106,106,7.4730374230851675,Booking
2024-09-01,Hotel Andino,Bogotá,80,58,12168806,1336309,7,58,58,8.916290129137938,Expedia
2024-09-01,Hotel Caribe,Cartagena,80,59,17420517,1371158,9,59,59,6.577308796293053,Otro
2024-09-01,Hotel Pacífico,Medellín,200,53,11288629,1661328,8,53,53,7.094286550160868,Expedia
2024-09-02,Hotel Andino,Bogotá,200,164,38567224,875854,3,164,164,8.139375625184373,Expedia
2024-09-02,Hotel Caribe,Cartagena,80,67,12380595,663052,7,67,67,7.754434364488398,Booking
2024-09-02,Hotel Pacífico,Medellín,120,117,28211976,661081,6,117,117,8.914891191197764,Booking
2024-09-03,Hotel Andino,Bogotá,120,87,22471839,1062634,4,87,87,9.004841617083212,Booking
2024-09-03,Hotel Caribe,Cartagena,200,165,25689675,1334379,8,165,165,7.758882148420431,Expedia
2024-09-03,Hotel Pacífico,Medellín,200,114,27462030,1442320,2,114,114,7.6786853266795365,Booking
2024-09-04,Hotel Andino,Bogotá,200,129,25460085,1627787,9,129,129,8.26505666294946,Booking
2024-09-04,Hotel Caribe,Cartagena,200,169,48332986,1409210,7,169,169,9.212729874222696,Directo
2024-09-04,Hotel Pacífico,Medellín,200,102,30550530,1958316,0,102,102,7.165345934576956,Booking
2024-09-05,Hotel Andino,Bogotá,80,47,9364327,1127407,3,47,47,7.850175918278676,Booking
2024-09-05,Hotel Caribe,Cartagena,200,115,34160060,623805,6,115,115,7.133377827674112,Expedia
2024-09-05,Hotel Pacífico,Medellín,200,163,45027772,569518,3,163,163,8.581416670902236,Otro
2024-09-06,Hotel Andino,Bogotá,200,145,41203780,1601887,4,145,145,8.780482789370478,Otro
2024-09-06,Hotel Caribe,Cartagena,80,59,13578968,963685,3,59,59,7.7231473119956755,Otro
2024-09-06,Hotel Pacífico,Medellín,120,108,27804060,520323,2,108,108,8.591491076413941,Booking
2024-09-07,Hotel Andino,Bogotá,200,101,23616729,768508,3,101,101,9.15825832644055,Otro
2024-09-07,Hotel Caribe,Cartagena,200,112,23190944,1776914,2,112,112,8.44431510360237,Otro
2024-09-07,Hotel Pacífico,Medellín,200,118,25243504,1533224,3,118,118,6.81677463792992,Booking
2024-09-08,Hotel Andino,Bogotá,200,165,25368420,1665123,1,165,165,6.590063996447215,Booking
2024-09-08,Hotel Caribe,Cartagena,120,46,13144362,1484210,9,46,46,8.88145431172412,Otro
2024-09-08,Hotel Pacífico,Medellín,200,124,25353040,1387198,2,124,124,9.455523665272025,Otro
2024-09-09,Hotel Andino,Bogotá,120,98,27658834,1532321,1,98,98,7.4908540025062536,Booking
2024-09-09,Hotel Caribe,Cartagena,120,78,11947884,1056119,0,78,78,6.887523335729331,Booking
2024-09-09,Hotel Pacífico,Medellín,200,193,46400481,1213611,0,193,193,9.169740129088588,Otro
2024-09-10,Hotel Andino,Bogotá,80,67,15997858,915105,9,67,67,9.09668714951661,Otro
2024-09-10,Hotel Caribe,Cartagena,200,193,50153559,541777,2,193,193,7.472988132054554,Expedia
2024-09-10,Hotel Pacífico,Medellín,200,152,35590648,1027297,0,152,152,8.547597378613165,Otro
2024-09-11,Hotel Andino,Bogotá,120,69,17399799,614456,9,69,69,8.577062918463243,Otro
2024-09-11,Hotel Caribe,Cartagena,80,52,9556716,534152,5,52,52,7.156141666719618,Booking
2024-09-11,Hotel Pacífico,Medellín,120,119,28141477,1408017,8,119,119,9.490727655768065,Otro
2024-09-12,Hotel Andino,Bogotá,120,105,16332015,521067,9,105,105,6.541047244282043,Otro
2024-09-12,Hotel Caribe,Cartagena,80,73,17286619,1752390,1,73,73,7.779195070404867,Otro
2024-09-12,Hotel Pacífico,Medellín,120,66,11633820,1031740,4,66,66,8.230643603933625,Booking
2024-09-13,Hotel Andino,Bogotá,200,63,15313788,749737,4,63,63,8.302736016977258,Expedia
2024-09-13,Hotel Caribe,Cartagena,120,97,27859079,636645,3,97,97,9.474360703528376,Expedia
2024-09-13,Hotel Pacífico,Medellín,120,119,33439476,553687,8,119,119,7.423659146048748,Booking
2024-09-14,Hotel Andino,Bogotá,120,77,22955086,1082111,4,77,77,8.485503755341995,Otro
2024-09-14,Hotel Caribe,Cartagena,200,179,39860436,1998710,6,179,179,6.878813411323195,Directo
2024-09-14,Hotel Pacífico,Medellín,80,73,18705812,1454138,3,73,73,8.434708715877068,Otro
2024-09-15,Hotel Andino,Bogotá,200,118,30754812,631936,4,118,118,8.636411137641815,Booking
2024-09-15,Hotel Caribe,Cartagena,200,149,34544905,1796573,6,149,149,8.945828993271679,Booking
2024-09-15,Hotel Pacífico,Medellín,200,74,14720376,909925,8,74,74,7.652127915173301,Expedia
2024-09-16,Hotel Andino,Bogotá,80,44,10326712,778104,7,44,44,6.78489582568513,Otro
2024-09-16,Hotel Caribe,Cartagena,200,135,30144150,1071302,5,135,135,7.832310670719856,Booking
2024-09-16,Hotel Pacífico,Medellín,120,55,14028190,1380147,2,55,55,8.937421463132516,Expedia
2024-09-17,Hotel Andino,Bogotá,80,40,9796520,1118396,3,40,40,8.546575067765296,Booking
2024-09-17,Hotel Caribe,Cartagena,200,170,47374580,986084,3,170,170,8.601834489183355,Booking
2024-09-17,Hotel Pacífico,Medellín,200,43,12801014,737330,5,43,43,6.777501313816892,Directo
2024-09-18,Hotel Andino,Bogotá,80,52,15545660,1198419,4,52,52,8.889525559171126,Directo
2024-09-18,Hotel Caribe,Cartagena,200,81,13546521,1077263,2,81,81,7.935473210321567,Directo
2024-09-18,Hotel Pacífico,Medellín,80,67,18017640,906547,7,67,67,6.671080742010858,Directo
2024-09-19,Hotel Andino,Bogotá,200,51,14959626,1735382,9,51,51,7.386995117814857,Directo
2024-09-19,Hotel Caribe,Cartagena,120,82,20517302,1160197,0,82,82,8.340913708968152,Booking
2024-09-19,Hotel Pacífico,Medellín,200,111,16812726,1536149,7,111,111,6.723915293238287,Directo
2024-09-20,Hotel Andino,Bogotá,80,43,9604867,1841293,2,43,43,9.234017570235892,Expedia
2024-09-20,Hotel Caribe,Cartagena,80,63,15208452,1344156,5,63,63,7.40905252094609,Otro
2024-09-20,Hotel Pacífico,Medellín,120,43,6849470,1890598,9,43,43,7.736839183494997,Expedia
2024-09-21,Hotel Andino,Bogotá,80,62,15951732,978705,8,62,62,7.63351764118156,Expedia
2024-09-21,Hotel Caribe,Cartagena,80,58,9106464,810435,2,58,58,8.474306654169476,Booking
2024-09-21,Hotel Pacífico,Medellín,200,197,36507055,1846652,7,197,197,9.457415962550616,Expedia
2024-09-22,Hotel Andino,Bogotá,120,86,25508632,1096543,5,86,86,8.444700406423538,Expedia
2024-09-22,Hotel Caribe,Cartagena,200,46,11387622,936048,1,46,46,7.092917661773391,Expedia
2024-09-22,Hotel Pacífico,Medellín,120,96,14437440,1331868,1,96,96,7.70438533726713,Otro
2024-09-23,Hotel Andino,Bogotá,80,40,6234680,1105108,1,40,40,6.614258901797958,Otro
2024-09-23,Hotel Caribe,Cartagena,200,43,12529426,563965,1,43,43,9.115739183841516,Directo
2024-09-23,Hotel Pacífico,Medellín,80,63,18478782,748099,1,63,63,8.089911023064262,Directo
2024-09-24,Hotel Andino,Bogotá,200,71,14113735,1406395,2,71,71,6.954336565806072,Directo
2024-09-24,Hotel Caribe,Cartagena,200,43,10166748,710448,6,43,43,9.318705767075496,Expedia
2024-09-24,Hotel Pacífico,Medellín,200,171,45003951,966589,5,171,171,7.930516633199373,Otro
2024-09-25,Hotel Andino,Bogotá,120,75,18432075,1924473,4,75,75,7.085591493715648,Booking
2024-09-25,Hotel Caribe,Cartagena,80,65,10088585,899749,5,65,65,8.310002588636104,Otro
2024-09-25,Hotel Pacífico,Medellín,120,58,13130156,639005,4,58,58,6.531480923419833,Expedia
2024-09-26,Hotel Andino,Bogotá,80,49,14154581,1598589,6,49,49,9.447563816768117,Booking
2024-09-26,Hotel Caribe,Cartagena,200,68,10280512,1976285,4,68,68,7.819566919141504,Otro
2024-09-26,Hotel Pacífico,Medellín,200,156,25982580,1114673,2,156,156,7.0678509377480285,Expedia
2024-09-27,Hotel Andino,Bogotá,120,76,18340396,1335488,9,76,76,7.823451656691898,Directo
2024-09-27,Hotel Caribe,Cartagena,120,107,22718240,1054081,7,107,107,8.164061074365101,Otro
2024-09-27,Hotel Pacífico,Medellín,200,173,35603054,837462,6,173,173,8.315268555621614,Otro
2024-09-28,Hotel Andino,Bogotá,200,158,25709760,1868328,9,158,158,7.054515193841075,Otro
2024-09-28,Hotel Caribe,Cartagena,80,62,15280024,587593,4,62,62,8.070204112766024,Expedia
2024-09-28,Hotel Pacífico,Medellín,200,78,21353982,618542,6,78,78,7.8255011144058635,Directo
2024-09-29,Hotel Andino,Bogotá,200,122,30585278,590140,2,122,122,6.653450616861193,Directo
2024-09-29,Hotel Caribe,Cartagena,120,116,28724848,1633634,7,116,116,7.31185998408079,Expedia
2024-09-29,Hotel Pacífico,Medellín,200,171,32947254,627572,2,171,171,6.7134670366337295,Directo
2024-09-30,Hotel Andino,Bogotá,80,42,8528142,1751661,4,42,42,6.646084545199789,Directo
2024-09-30,Hotel Caribe,Cartagena,200,141,28689693,1437384,5,141,141,8.123810332825034,Booking
2024-09-30,Hotel Pacífico,Medellín,80,49,7832013,1259495,7,49,49,7.854696759816726,Expedia
2024-10-01,Hotel Andino,Bogotá,80,56,10083528,1539272,3,56,56,7.574419149587433,Directo
2024-10-01,Hotel Caribe,Cartagena,120,108,19010808,920888,1,108,108,9.284155250686545,Directo
2024-10-01,Hotel Pacífico,Medellín,120,67,17686526,1707739,8,67,67,6.6662476653267335,Otro
2024-10-02,Hotel Andino,Bogotá,200,199,46989074,948648,7,199,199,8.458918765723817,Otro
2024-10-02,Hotel Caribe,Cartagena,80,43,10007519,1611288,1,43,43,6.624284266458163,Expedia
2024-10-02,Hotel Pacífico,Medellín,120,119,30251585,532230,4,119,119,6.7908970128962745,Expedia
2024-10-03,Hotel Andino,Bogotá,120,105,23079630,804958,1,105,105,8.383236244692009,Directo
2024-10-03,Hotel Caribe,Cartagena,200,186,45429012,1426694,4,186,186,8.561886687747553,Expedia
2024-10-03,Hotel Pacífico,Medellín,120,84,13435212,1987552,2,84,84,8.719048693289324,Expedia
2024-10-04,Hotel Andino,Bogotá,200,58,14985402,1314811,0,58,58,8.997835319978392,Directo
2024-10-04,Hotel Caribe,Cartagena,80,76,22482092,505730,1,76,76,8.45682533269715,Otro
2024-10-04,Hotel Pacífico,Medellín,120,116,26857828,845430,5,116,116,6.6775312155906255,Otro
2024-10-05,Hotel Andino,Bogotá,200,85,24136515,694795,6,85,85,9.34781931873685,Booking
2024-10-05,Hotel Caribe,Cartagena,120,64,17167872,1821024,5,64,64,7.566318012092186,Otro
2024-10-05,Hotel Pacífico,Medellín,200,146,41237262,1308524,1,146,146,8.226780285920245,Booking
2024-10-06,Hotel Andino,Bogotá,80,78,13369044,796794,1,78,78,6.707460703155504,Directo
2024-10-06,Hotel Caribe,Cartagena,200,174,26286702,1988303,3,174,174,8.59801839875793,Directo
2024-10-06,Hotel Pacífico,Medellín,80,70,15268120,1195385,7,70,70,8.330323766108704,Booking
2024-10-07,Hotel Andino,Bogotá,80,62,18171766,1162132,0,62,62,8.582052242317225,Expedia
2024-10-07,Hotel Caribe,Cartagena,80,45,11496060,1502021,5,45,45,6.57183879581145,Expedia
2024-10-07,Hotel Pacífico,Medellín,120,79,22648826,1015956,2,79,79,6.68270579929848,Directo
2024-10-08,Hotel Andino,Bogotá,120,103,21552853,1096860,7,103,103,8.064131064421224,Expedia
2024-10-08,Hotel Caribe,Cartagena,80,75,18941400,944844,0,75,75,9.084994654097303,Directo
2024-10-08,Hotel Pacífico,Medellín,120,55,13303015,565756,2,55,55,8.925184646912069,Booking
2024-10-09,Hotel Andino,Bogotá,120,112,30452464,1020082,0,112,112,7.306392845090595,Otro
2024-10-09,Hotel Caribe,Cartagena,200,185,42816585,1786188,5,185,185,8.268960485454643,Expedia
2024-10-09,Hotel Pacífico,Medellín,80,78,16889886,1402153,8,78,78,7.141984036094941,Otro
2024-10-10,Hotel Andino,Bogotá,80,48,8675232,1549091,7,48,48,8.506629593122057,Booking
2024-10-10,Hotel Caribe,Cartagena,120,43,7647808,1008175,2,43,43,8.172214892942561,Booking
2024-10-10,Hotel Pacífico,Medellín,200,44,9518212,932206,1,44,44,9.157741986492274,Booking
2024-10-11,Hotel Andino,Bogotá,80,43,6666419,835468,9,43,43,7.1251987208549945,Booking
2024-10-11,Hotel Caribe,Cartagena,200,149,39608372,1375817,3,149,149,8.00017477757326,Otro
2024-10-11,Hotel Pacífico,Medellín,80,49,8557752,1530451,6,49,49,7.4377940747249,Otro
2024-10-12,Hotel Andino,Bogotá,200,142,41871540,1482868,6,142,142,7.657818532810782,Expedia
2024-10-12,Hotel Caribe,Cartagena,200,128,36079360,1818321,3,128,128,7.680666008318947,Booking
2024-10-12,Hotel Pacífico,Medellín,80,41,6276444,1287163,9,41,41,8.678333778033911,Directo
2024-10-13,Hotel Andino,Bogotá,120,114,24905466,1694835,4,114,114,7.196674072704029,Directo
2024-10-13,Hotel Caribe,Cartagena,200,165,41199510,1044061,7,165,165,8.975634113778893,Directo
2024-10-13,Hotel Pacífico,Medellín,80,74,21880098,1342672,2,74,74,9.368875644540084,Directo
2024-10-14,Hotel Andino,Bogotá,120,88,24023120,1897749,7,88,88,8.937172172558453,Expedia
2024-10-14,Hotel Caribe,Cartagena,200,81,20881152,1445854,6,81,81,9.071692812109372,Expedia
2024-10-14,Hotel Pacífico,Medellín,80,45,9694395,1959089,6,45,45,9.059987649676364,Expedia
2024-10-15,Hotel Andino,Bogotá,80,56,16608648,1886826,9,56,56,7.230713377593895,Expedia
2024-10-15,Hotel Caribe,Cartagena,120,67,18068694,886213,2,67,67,9.357160257196174,Booking
2024-10-15,Hotel Pacífico,Medellín,120,95,25325290,1422426,7,95,95,9.113754882195957,Otro
2024-10-16,Hotel Andino,Bogotá,120,98,24064684,1957032,0,98,98,8.293519960537054,Otro
2024-10-16,Hotel Caribe,Cartagena,120,107,23745012,1808166,0,107,107,7.9264271456982005,Expedia
2024-10-16,Hotel Pacífico,Medellín,200,126,21421008,1529242,9,126,126,8.146728894920216,Expedia
2024-10-17,Hotel Andino,Bogotá,200,166,44312704,904911,4,166,166,9.443724792366385,Directo
2024-10-17,Hotel Caribe,Cartagena,200,138,25413942,1560092,0,138,138,7.412725591481587,Otro
2024-10-17,Hotel Pacífico,Medellín,200,121,19271065,1138453,1,121,121,6.641590105092137,Expedia
2024-10-18,Hotel Andino,Bogotá,200,54,10120950,621635,6,54,54,7.311677769463974,Directo
2024-10-18,Hotel Caribe,Cartagena,120,86,20380968,992503,7,86,86,7.679365394621238,Otro
2024-10-18,Hotel Pacífico,Medellín,120,52,9983168,541505,8,52,52,7.01478910119557,Expedia
2024-10-19,Hotel Andino,Bogotá,120,110,31533480,778518,8,110,110,6.91511478416167,Otro
2024-10-19,Hotel Caribe,Cartagena,200,93,16842765,1023472,4,93,93,8.489438746925627,Otro
2024-10-19,Hotel Pacífico,Medellín,120,100,27773200,1533237,2,100,100,9.185169811999499,Expedia
2024-10-20,Hotel Andino,Bogotá,120,82,19627520,562287,9,82,82,6.6381891910459325,Otro
2024-10-20,Hotel Caribe,Cartagena,80,78,20073846,1990309,0,78,78,9.48720335615397,Booking
2024-10-20,Hotel Pacífico,Medellín,80,59,11677398,694152,4,59,59,7.1127263191052865,Booking
2024-10-21,Hotel Andino,Bogotá,120,96,24092448,1719925,5,96,96,8.726876694460842,Directo
2024-10-21,Hotel Caribe,Cartagena,80,77,14880866,1453197,0,77,77,8.672087566318764,Booking
2024-10-21,Hotel Pacífico,Medellín,200,136,20429240,867747,3,136,136,7.226523951042411,Directo
2024-10-22,Hotel Andino,Bogotá,200,98,15719200,1034633,8,98,98,8.748137050172467,Otro
2024-10-22,Hotel Caribe,Cartagena,120,101,15713883,1422401,6,101,101,8.750782382261946,Otro
2024-10-22,Hotel Pacífico,Medellín,80,52,15308852,732117,0,52,52,7.8325502206351,Directo
2024-10-23,Hotel Andino,Bogotá,80,56,10286416,1363413,2,56,56,6.595167475448093,Expedia
2024-10-23,Hotel Caribe,Cartagena,120,107,20631526,1882647,1,107,107,9.460687836164892,Otro
2024-10-23,Hotel Pacífico,Medellín,120,104,28067000,1380432,3,104,104,9.088767180532967,Booking
2024-10-24,Hotel Andino,Bogotá,80,65,16522090,1349326,9,65,65,7.204263265174914,Directo
2024-10-24,Hotel Caribe,Cartagena,120,59,11143389,1742522,5,59,59,9.475667587842475,Expedia
2024-10-24,Hotel Pacífico,Medellín,80,63,12251106,983410,5,63,63,8.16664870965686,Directo
2024-10-25,Hotel Andino,Bogotá,200,101,23056482,609779,2,101,101,7.490467850946813,Expedia
2024-10-25,Hotel Caribe,Cartagena,80,70,19040910,1223055,1,70,70,7.392950832704841,Booking
2024-10-25,Hotel Pacífico,Medellín,120,53,9385982,1463544,7,53,53,6.867493585897968,Otro
2024-10-26,Hotel Andino,Bogotá,200,186,32751066,1572930,1,186,186,7.070386298956117,Otro
2024-10-26,Hotel Caribe,Cartagena,80,68,12615700,1444036,0,68,68,9.366344574314201,Directo
2024-10-26,Hotel Pacífico,Medellín,80,55,10044870,694215,9,55,55,8.035341369708442,Booking
2024-10-27,Hotel Andino,Bogotá,120,103,25381878,1449520,8,103,103,8.908943903927312,Directo
2024-10-27,Hotel Caribe,Cartagena,80,46,12450084,932941,3,46,46,8.763610747707382,Otro
2024-10-27,Hotel Pacífico,Medellín,200,135,33886350,1581345,9,135,135,7.082820713005404,Booking
2024-10-28,Hotel Andino,Bogotá,80,51,7918719,1408063,8,51,51,8.436603069231566,Expedia
2024-10-28,Hotel Caribe,Cartagena,200,97,15944860,1619510,6,97,97,7.321964298409916,Directo
2024-10-28,Hotel Pacífico,Medellín,200,83,16531774,1686585,0,83,83,6.629300326844972,Booking
2024-10-29,Hotel Andino,Bogotá,200,108,27680400,1662369,6,108,108,8.98745192085242,Otro
2024-10-29,Hotel Caribe,Cartagena,200,77,19719854,1372143,9,77,77,8.803909934185494,Directo
2024-10-29,Hotel Pacífico,Medellín,200,196,50380036,874368,8,196,196,8.093328489012583,Directo
2024-10-30,Hotel Andino,Bogotá,200,97,17135535,1669694,1,97,97,9.27221896653705,Booking
2024-10-30,Hotel Caribe,Cartagena,80,53,12355519,666405,6,53,53,8.357504132729176,Expedia
2024-10-30,Hotel Pacífico,Medellín,120,69,15361815,1428864,9,69,69,9.403228474501148,Directo
2024-10-31,Hotel Andino,Bogotá,120,90,26580870,1957867,7,90,90,8.259535343112347,Otro
2024-10-31,Hotel Caribe,Cartagena,200,101,25145970,1630779,0,101,101,7.0794800252252985,Directo
2024-10-31,Hotel Pacífico,Medellín,120,97,23103169,592172,8,97,97,8.551610374727096,Expedia
2024-11-01,Hotel Andino,Bogotá,200,113,20019080,682447,4,113,113,7.66042172615564,Booking
2024-11-01,Hotel Caribe,Cartagena,120,56,16010120,1280516,8,56,56,6.518141129551935,Booking
2024-11-01,Hotel Pacífico,Medellín,120,48,8124816,1695344,0,48,48,6.98508365982196,Otro
2024-11-02,Hotel Andino,Bogotá,120,79,18052922,1107132,7,79,79,6.7428612083470645,Booking
2024-11-02,Hotel Caribe,Cartagena,120,81,22806927,1331187,4,81,81,8.298118978615959,Booking
2024-11-02,Hotel Pacífico,Medellín,80,53,11896486,736538,3,53,53,8.249383470358609,Directo
2024-11-03,Hotel Andino,Bogotá,200,147,33369588,1473902,4,147,147,9.11787765645769,Expedia
2024-11-03,Hotel Caribe,Cartagena,120,65,18279625,638925,0,65,65,7.834557298482622,Booking
2024-11-03,Hotel Pacífico,Medellín,200,81,22830498,963120,0,81,81,7.792574826146812,Otro
2024-11-04,Hotel Andino,Bogotá,200,170,41611580,1653891,4,170,170,8.30415221206569,Expedia
2024-11-04,Hotel Caribe,Cartagena,120,55,10118900,1342549,0,55,55,6.6537903775279945,Expedia
2024-11-04,Hotel Pacífico,Medellín,120,119,25665801,1166041,7,119,119,8.746889452581195,Otro
2024-11-05,Hotel Andino,Bogotá,120,55,10285605,855398,8,55,55,7.157378194012402,Expedia
2024-11-05,Hotel Caribe,Cartagena,120,117,22241232,815929,8,117,117,7.947803706984562,Directo
2024-11-05,Hotel Pacífico,Medellín,200,107,27872323,944874,1,107,107,7.78131513608103,Expedia
2024-11-06,Hotel Andino,Bogotá,80,51,8731659,1131339,0,51,51,8.621836735717002,Otro
2024-11-06,Hotel Caribe,Cartagena,120,65,17535635,805063,1,65,65,6.5662575359035396,Directo
2024-11-06,Hotel Pacífico,Medellín,200,62,9699714,1842035,3,62,62,8.6843493120085,Directo
2024-11-07,Hotel Andino,Bogotá,200,51,14716611,853791,3,51,51,7.754873333280457,Directo
2024-11-07,Hotel Caribe,Cartagena,120,83,22096260,721421,5,83,83,7.991761659772634,Otro
2024-11-07,Hotel Pacífico,Medellín,120,57,14183139,1831379,5,57,57,8.291937134992136,Directo
2024-11-08,Hotel Andino,Bogotá,200,87,21787845,589242,4,87,87,6.764403292930075,Otro
2024-11-08,Hotel Caribe,Cartagena,200,108,21523752,1233375,2,108,108,6.9964993239909665,Directo
2024-11-08,Hotel Pacífico,Medellín,80,76,20194720,798254,2,76,76,7.089460900868634,Booking
2024-11-09,Hotel Andino,Bogotá,120,60,16791780,1746356,8,60,60,8.179233984001025,Otro
2024-11-09,Hotel Caribe,Cartagena,120,74,12879996,529709,9,74,74,9.29049560858765,Otro
2024-11-09,Hotel Pacífico,Medellín,200,73,20754776,545689,0,73,73,6.863908994016603,Expedia
2024-11-10,Hotel Andino,Bogotá,200,154,39304958,1279110,3,154,154,7.023769553741559,Expedia
2024-11-10,Hotel Caribe,Cartagena,120,43,12182588,860466,1,43,43,6.864244716514916,Expedia
2024-11-10,Hotel Pacífico,Medellín,120,45,8057835,1618844,2,45,45,7.9616360207657415,Booking
2024-11-11,Hotel Andino,Bogotá,200,179,50771381,1957913,4,179,179,8.684036773388591,Booking
2024-11-11,Hotel Caribe,Cartagena,80,51,14869764,948013,5,51,51,8.749861045407224,Expedia
2024-11-11,Hotel Pacífico,Medellín,80,69,12233838,1953075,7,69,69,7.663502808713283,Booking
2024-11-12,Hotel Andino,Bogotá,80,65,12772565,894485,5,65,65,7.508970182811001,Directo
2024-11-12,Hotel Caribe,Cartagena,120,45,10512000,1007173,7,45,45,7.473827505530485,Otro
2024-11-12,Hotel Pacífico,Medellín,80,45,8935650,1725745,7,45,45,8.750459688294537,Otro
2024-11-13,Hotel Andino,Bogotá,120,66,18017274,1959192,3,66,66,7.633982115878459,Expedia
2024-11-13,Hotel Caribe,Cartagena,120,64,12013184,1909761,8,64,64,6.658231856486652,Expedia
2024-11-13,Hotel Pacífico,Medellín,200,70,20280260,1545716,1,70,70,7.287225129467906,Booking
2024-11-14,Hotel Andino,Bogotá,80,73,15179547,1994818,2,73,73,8.232839241911401,Expedia
2024-11-14,Hotel Caribe,Cartagena,120,111,33051804,934352,1,111,111,9.410223370000121,Otro
2024-11-14,Hotel Pacífico,Medellín,80,52,15195752,997873,4,52,52,7.37013208453396,Expedia
2024-11-15,Hotel Andino,Bogotá,200,93,22111587,1223776,7,93,93,7.7574085233261645,Booking
2024-11-15,Hotel Caribe,Cartagena,120,96,23651232,549156,9,96,96,8.139221222636396,Booking
2024-11-15,Hotel Pacífico,Medellín,200,68,14299176,1858521,9,68,68,8.755312363048935,Expedia
2024-11-16,Hotel Andino,Bogotá,200,147,22750161,981873,4,147,147,8.309639186298513,Expedia
2024-11-16,Hotel Caribe,Cartagena,200,174,33988638,1168875,6,174,174,8.24516458242043,Otro
2024-11-16,Hotel Pacífico,Medellín,80,71,13759090,1492652,4,71,71,7.075866316987177,Otro
2024-11-17,Hotel Andino,Bogotá,80,54,11050182,1565719,6,54,54,8.781200201862447,Otro
2024-11-17,Hotel Caribe,Cartagena,200,182,45887114,811011,4,182,182,7.61899950670059,Otro
2024-11-17,Hotel Pacífico,Medellín,200,147,39458034,850036,0,147,147,9.453963432772518,Otro
2024-11-18,Hotel Andino,Bogotá,80,62,11497900,795901,3,62,62,9.015826662601887,Directo
2024-11-18,Hotel Caribe,Cartagena,80,64,16408256,1775481,4,64,64,7.405428108988081,Booking
2024-11-18,Hotel Pacífico,Medellín,80,51,11191644,1117397,3,51,51,7.6639182631936595,Otro
2024-11-19,Hotel Andino,Bogotá,200,149,34834412,1894028,9,149,149,7.590211795998281,Expedia
2024-11-19,Hotel Caribe,Cartagena,120,107,26697356,1106752,6,107,107,8.60242525400522,Otro
2024-11-19,Hotel Pacífico,Medellín,80,49,12486376,1516462,5,49,49,7.430921347375092,Booking
2024-11-20,Hotel Andino,Bogotá,200,90,23175810,657699,1,90,90,6.640977503009353,Otro
2024-11-20,Hotel Caribe,Cartagena,80,62,10502986,1552257,3,62,62,8.386618690964527,Booking
2024-11-20,Hotel Pacífico,Medellín,80,57,14557002,898845,8,57,57,7.4786615209427945,Booking
2024-11-21,Hotel Andino,Bogotá,120,43,12079044,1793736,1,43,43,8.727109811269345,Expedia
2024-11-21,Hotel Caribe,Cartagena,80,73,12349921,1416992,6,73,73,8.491228215876161,Booking
2024-11-21,Hotel Pacífico,Medellín,200,130,37182990,1786050,9,130,130,8.522113602274871,Expedia
2024-11-22,Hotel Andino,Bogotá,80,77,13513038,1936803,0,77,77,7.346941502632161,Otro
2024-11-22,Hotel Caribe,Cartagena,200,169,38423840,1848055,7,169,169,8.484028036834173,Directo
2024-11-22,Hotel Pacífico,Medellín,200,198,51466932,619975,2,198,198,8.043468806936117,Directo
2024-11-23,Hotel Andino,Bogotá,80,65,16051880,833260,3,65,65,9.316630925426818,Expedia
2024-11-23,Hotel Caribe,Cartagena,120,75,21133350,1171088,5,75,75,9.090923157251469,Expedia
2024-11-23,Hotel Pacífico,Medellín,200,163,44278624,1835883,6,163,163,6.5912476424239035,Otro
2024-11-24,Hotel Andino,Bogotá,200,83,17838858,540633,6,83,83,6.975344111569718,Otro
2024-11-24,Hotel Caribe,Cartagena,200,190,48519160,1826224,1,190,190,9.018359702628652,Directo
2024-11-24,Hotel Pacífico,Medellín,120,84,17262084,1208669,3,84,84,7.393578195170634,Otro
2024-11-25,Hotel Andino,Bogotá,200,148,24474168,1642520,4,148,148,7.498188429531138,Expedia
2024-11-25,Hotel Caribe,Cartagena,120,108,16648200,1922089,9,108,108,7.487691846024184,Directo
2024-11-25,Hotel Pacífico,Medellín,80,49,10628933,1884410,2,49,49,8.064652951732901,Booking
2024-11-26,Hotel Andino,Bogotá,80,78,11791104,807268,9,78,78,6.90330028210865,Directo
2024-11-26,Hotel Caribe,Cartagena,80,79,14249467,622026,2,79,79,8.850504507763727,Booking
2024-11-26,Hotel Pacífico,Medellín,80,53,9957587,1522560,0,53,53,9.460062834851072,Otro
2024-11-27,Hotel Andino,Bogotá,120,45,9186480,644454,9,45,45,7.962218909302423,Otro
2024-11-27,Hotel Caribe,Cartagena,200,119,29280545,1936909,6,119,119,6.651522177148419,Expedia
2024-11-27,Hotel Pacífico,Medellín,120,64,12231360,610084,7,64,64,7.916745496835476,Directo
2024-11-28,Hotel Andino,Bogotá,120,96,21240960,1287839,0,96,96,9.496378807446963,Directo
2024-11-28,Hotel Caribe,Cartagena,120,60,14477280,971678,5,60,60,6.6917028261451215,Otro
2024-11-28,Hotel Pacífico,Medellín,80,73,12738646,1922533,2,73,73,7.276132842246904,Booking
2024-11-29,Hotel Andino,Bogotá,200,120,35018400,1087073,2,120,120,9.345108658366756,Directo
2024-11-29,Hotel Caribe,Cartagena,120,102,27367926,1775945,3,102,102,8.864602789600118,Directo
2024-11-29,Hotel Pacífico,Medellín,200,41,7221248,1580132,6,41,41,9.101532063354057,Expedia
2024-11-30,Hotel Andino,Bogotá,200,120,20891880,1784519,3,120,120,9.432369689551528,Booking
2024-11-30,Hotel Caribe,Cartagena,120,115,31649380,1403112,3,115,115,8.131361211175241,Expedia
2024-11-30,Hotel Pacífico,Medellín,80,57,16996146,558123,1,57,57,7.612921137776507,Otro
2024-12-01,Hotel Andino,Bogotá,200,138,28794390,1215003,8,138,138,8.84533947778618,Otro
2024-12-01,Hotel Caribe,Cartagena,80,74,14866674,1608762,2,74,74,7.513944651409508,Otro
2024-12-01,Hotel Pacífico,Medellín,80,60,13572480,973196,0,60,60,7.207989817727713,Directo
2024-12-02,Hotel Andino,Bogotá,200,135,33125895,805007,1,135,135,8.463039378958573,Booking
2024-12-02,Hotel Caribe,Cartagena,80,57,13520457,914627,1,57,57,6.894237148565805,Directo
2024-12-02,Hotel Pacífico,Medellín,200,176,47791744,1973005,7,176,176,9.400202682605325,Directo
2024-12-03,Hotel Andino,Bogotá,120,44,12174052,1280445,3,44,44,9.012348785250385,Otro
2024-12-03,Hotel Caribe,Cartagena,80,67,13837041,1423882,5,67,67,7.300316190871772,Otro
2024-12-03,Hotel Pacífico,Medellín,80,77,20641390,745847,8,77,77,7.560419576182162,Booking
2024-12-04,Hotel Andino,Bogotá,200,179,52988475,1456011,1,179,179,6.5203896457583355,Otro
2024-12-04,Hotel Caribe,Cartagena,200,185,33516265,654062,9,185,185,8.858994966185122,Directo
2024-12-04,Hotel Pacífico,Medellín,120,80,22976160,633114,6,80,80,7.988128178049749,Expedia
2024-12-05,Hotel Andino,Bogotá,120,84,19163508,639133,1,84,84,9.024866022628322,Expedia
2024-12-05,Hotel Caribe,Cartagena,120,89,26049588,923327,2,89,89,9.3134773999552,Expedia
2024-12-05,Hotel Pacífico,Medellín,120,90,26546580,844572,0,90,90,8.360704546883362,Otro
2024-12-06,Hotel Andino,Bogotá,120,43,11519571,1261062,7,43,43,7.216255313258072,Expedia
2024-12-06,Hotel Caribe,Cartagena,200,108,19283616,1220602,2,108,108,6.917958447134139,Expedia
2024-12-06,Hotel Pacífico,Medellín,200,42,10041360,758916,7,42,42,8.649818896880094,Directo
2024-12-07,Hotel Andino,Bogotá,200,95,16448965,938744,7,95,95,6.774462555162376,Expedia
2024-12-07,Hotel Caribe,Cartagena,120,52,11114948,1456176,3,52,52,7.43850259257266,Directo
2024-12-07,Hotel Pacífico,Medellín,80,41,6307112,512467,1,41,41,7.488137807906227,Directo
2024-12-08,Hotel Andino,Bogotá,200,61,13732198,1934730,6,61,61,9.086634269965813,Otro
2024-12-08,Hotel Caribe,Cartagena,120,51,13953957,825188,3,51,51,9.055371015981624,Booking
2024-12-08,Hotel Pacífico,Medellín,80,51,11250651,981632,8,51,51,8.7553944907608,Otro
2024-12-09,Hotel Andino,Bogotá,80,74,13847028,1704740,9,74,74,8.237940208365384,Directo
2024-12-09,Hotel Caribe,Cartagena,80,49,9148937,947603,1,49,49,7.833882973741714,Directo
2024-12-09,Hotel Pacífico,Medellín,200,110,27433670,1028168,3,110,110,7.468429380343551,Expedia
2024-12-10,Hotel Andino,Bogotá,80,51,10137984,613034,5,51,51,8.622861757221607,Directo
2024-12-10,Hotel Caribe,Cartagena,120,109,27511491,1300981,3,109,109,6.841897661357724,Otro
2024-12-10,Hotel Pacífico,Medellín,80,68,16582480,1048912,3,68,68,7.2966727940372405,Expedia
2024-12-11,Hotel Andino,Bogotá,200,172,36187080,568369,5,172,172,6.755805024835032,Booking
2024-12-11,Hotel Caribe,Cartagena,120,103,23321775,996297,1,103,103,7.160982180312748,Otro
2024-12-11,Hotel Pacífico,Medellín,120,74,16525162,1249211,1,74,74,8.08456778526907,Booking
2024-12-12,Hotel Andino,Bogotá,200,108,25419528,1037691,4,108,108,6.887258585427386,Otro
2024-12-12,Hotel Caribe,Cartagena,80,66,12322266,896601,9,66,66,7.272437649477408,Expedia
2024-12-12,Hotel Pacífico,Medellín,200,92,23477020,1584980,9,92,92,8.020998860430042,Directo
2024-12-13,Hotel Andino,Bogotá,80,68,12750000,1320217,2,68,68,7.810273453541225,Expedia
2024-12-13,Hotel Caribe,Cartagena,200,103,19074261,1489280,5,103,103,8.590066963619591,Directo
2024-12-13,Hotel Pacífico,Medellín,80,60,12361800,1041797,1,60,60,6.695830272699392,Directo
2024-12-14,Hotel Andino,Bogotá,200,121,19845936,787166,2,121,121,8.1175732385409,Otro
2024-12-14,Hotel Caribe,Cartagena,200,168,35568960,1916234,5,168,168,8.26509706765297,Directo
2024-12-14,Hotel Pacífico,Medellín,200,169,46830069,1905419,9,169,169,6.665304605476493,Expedia
2024-12-15,Hotel Andino,Bogotá,120,99,27848799,1929692,9,99,99,7.325510337464204,Otro
2024-12-15,Hotel Caribe,Cartagena,120,88,26069560,1797391,0,88,88,9.443134586763398,Booking
2024-12-15,Hotel Pacífico,Medellín,120,100,29536400,1027340,9,100,100,8.645966931587406,Otro
2024-12-16,Hotel Andino,Bogotá,120,111,32932812,1579037,0,111,111,6.535753948934726,Directo
2024-12-16,Hotel Caribe,Cartagena,200,134,28952040,1819799,6,134,134,7.981937447420564,Expedia
2024-12-16,Hotel Pacífico,Medellín,120,66,18798186,773497,9,66,66,8.21828159886526,Expedia
2024-12-17,Hotel Andino,Bogotá,120,50,7727550,568359,0,50,50,8.151711903624093,Otro
2024-12-17,Hotel Caribe,Cartagena,120,60,10781100,1337566,4,60,60,8.78010470540952,Otro
2024-12-17,Hotel Pacífico,Medellín,120,85,16979260,885007,8,85,85,6.774059728170667,Expedia
2024-12-18,Hotel Andino,Bogotá,120,68,11841724,1547635,5,68,68,7.703443908475393,Directo
2024-12-18,Hotel Caribe,Cartagena,200,132,29080788,1429950,4,132,132,7.480216671705901,Booking
2024-12-18,Hotel Pacífico,Medellín,80,66,11653752,1535865,2,66,66,7.281209326363725,Otro
2024-12-19,Hotel Andino,Bogotá,200,172,33484616,957576,9,172,172,6.889571040253643,Booking
2024-12-19,Hotel Caribe,Cartagena,80,66,17004768,1630070,9,66,66,8.038506087305427,Booking
2024-12-19,Hotel Pacífico,Medellín,120,106,26103666,1115036,9,106,106,8.35485506304116,Expedia
2024-12-20,Hotel Andino,Bogotá,120,41,6242291,1182387,6,41,41,9.350921041208544,Otro
2024-12-20,Hotel Caribe,Cartagena,80,40,8424960,1997850,0,40,40,6.599035807700981,Booking
2024-12-20,Hotel Pacífico,Medellín,120,42,6473922,1178710,7,42,42,7.2061497856950725,Otro
2024-12-21,Hotel Andino,Bogotá,80,65,13643630,1554153,2,65,65,9.428258072598716,Otro
2024-12-21,Hotel Caribe,Cartagena,200,183,39679890,1891352,1,183,183,8.2810538597262,Directo
2024-12-21,Hotel Pacífico,Medellín,120,107,31969246,1701988,2,107,107,6.996260456385228,Directo
2024-12-22,Hotel Andino,Bogotá,120,80,20697680,1105398,6,80,80,7.256968232791236,Directo
2024-12-22,Hotel Caribe,Cartagena,200,88,14238488,647631,1,88,88,9.220956555314732,Directo
2024-12-22,Hotel Pacífico,Medellín,120,75,11636025,1862944,7,75,75,6.713112264210023,Expedia
2024-12-23,Hotel Andino,Bogotá,120,75,13860600,1222648,9,75,75,8.039781513711327,Booking
2024-12-23,Hotel Caribe,Cartagena,200,61,9219052,1251972,4,61,61,8.134946834300054,Otro
2024-12-23,Hotel Pacífico,Medellín,80,57,14273769,677763,6,57,57,6.553010134386302,Booking
2024-12-24,Hotel Andino,Bogotá,120,56,13743464,1192894,2,56,56,8.997173125105723,Expedia
2024-12-24,Hotel Caribe,Cartagena,80,76,15641484,520655,0,76,76,9.456802201858402,Directo
2024-12-24,Hotel Pacífico,Medellín,120,90,26214030,1025825,2,90,90,7.170837859377994,Directo
2024-12-25,Hotel Andino,Bogotá,80,57,13665351,947875,6,57,57,7.153246114502066,Otro
2024-12-25,Hotel Caribe,Cartagena,200,172,38568076,1107337,9,172,172,9.321491595539033,Booking
2024-12-25,Hotel Pacífico,Medellín,80,48,13168128,1345457,8,48,48,7.31429259282816,Booking
2024-12-26,Hotel Andino,Bogotá,80,53,10508310,1751717,7,53,53,8.874088757368657,Directo
2024-12-26,Hotel Caribe,Cartagena,80,43,7470089,1347078,2,43,43,7.71559142772599,Expedia
2024-12-26,Hotel Pacífico,Medellín,120,103,18130884,529545,1,103,103,9.23781508064933,Otro
2024-12-27,Hotel Andino,Bogotá,120,96,16658400,1082092,3,96,96,7.741118095730091,Booking
2024-12-27,Hotel Caribe,Cartagena,80,47,8435701,507265,4,47,47,6.907237559299703,Directo
2024-12-27,Hotel Pacífico,Medellín,80,48,13935312,958365,2,48,48,6.8004649925203005,Otro
2024-12-28,Hotel Andino,Bogotá,80,42,9932538,577597,8,42,42,7.526676574336713,Expedia
2024-12-28,Hotel Caribe,Cartagena,200,107,26735448,648620,6,107,107,9.458530391851085,Directo
2024-12-28,Hotel Pacífico,Medellín,200,176,26658368,786453,8,176,176,8.473848457344879,Directo
2024-12-29,Hotel Andino,Bogotá,200,169,43357457,1336713,9,169,169,8.695618211859502,Directo
2024-12-29,Hotel Caribe,Cartagena,200,69,15654030,1410789,5,69,69,8.104398398843578,Booking
2024-12-29,Hotel Pacífico,Medellín,200,65,14417325,695991,4,65,65,7.534309300699622,Otro
2024-12-30,Hotel Andino,Bogotá,120,88,17047624,1779984,3,88,88,8.312913259464437,Directo
2024-12-30,Hotel Caribe,Cartagena,120,57,14654244,1812867,7,57,57,6.586403541639556,Otro
2024-12-30,Hotel Pacífico,Medellín,120,92,23567640,847761,7,92,92,9.145926665421822,Directo
2024-12-31,Hotel Andino,Bogotá,80,59,15584909,586296,2,59,59,7.720321245716016,Directo
2024-12-31,Hotel Caribe,Cartagena,200,194,41126254,1720575,9,194,194,7.8058781725629025,Directo
2024-12-31,Hotel Pacífico,Medellín,120,81,18467190,1900507,8,81,81,6.936551901162275,Booking
